--
-- PostgreSQL database dump
--

-- Dumped from database version 16.10 (Ubuntu 16.10-0ubuntu0.24.04.1)
-- Dumped by pg_dump version 17.4

SET statement_timeout = 0;
SET lock_timeout = 0;
SET idle_in_transaction_session_timeout = 0;
SET transaction_timeout = 0;
SET client_encoding = 'UTF8';
SET standard_conforming_strings = on;
SELECT pg_catalog.set_config('search_path', '', false);
SET check_function_bodies = false;
SET xmloption = content;
SET client_min_messages = warning;
SET row_security = off;

--
-- Data for Name: floors; Type: TABLE DATA; Schema: public; Owner: -
--

COPY public.floors (id, "floorNumber", "floorName", "floorType", accessible, description, "createdAt") FROM stdin;
\.


--
-- Data for Name: insurance; Type: TABLE DATA; Schema: public; Owner: -
--

COPY public.insurance (id, "insuranceName", "insuranceType", "policyNumber", "coverageAmount", "deductibleAmount", "copayPercentage", "validFrom", "validTo", "contactNumber", email, address, "isActive", "createdAt", "updatedAt") FROM stdin;
\.


--
-- Data for Name: patients; Type: TABLE DATA; Schema: public; Owner: -
--

COPY public.patients (id, "patientNumber", mrn, "firstName", "lastName", "dateOfBirth", gender, phone, email, address, "emergencyContacts", "bloodGroup", allergies, "chronicConditions", "previousSurgeries", "familyHistory", lifestyle, "eyeHistory", "visionHistory", "currentMedications", "riskFactors", "insuranceDetails", "defaultInsuranceId", "profilePhoto", "passwordHash", "lastLogin", "isReferred", "referredBy", "patientStatus", "createdAt", "updatedAt") FROM stdin;
cmhn3qqve0000lhg4w8a6xd3y	967756	MRN91431831	Kaden	Goldner	1979-05-03 00:00:00	male	+91 6777841312	lonzo.oconner@gmail.com	"quibusdam vergo anser victoria vitium charisma adstringo asperiores compono"	[{"name": "voluptatem avaritia aggredior iste carcer vespillo asperiores cum desparatus", "phone": "+91 6777841312", "relation": "Emergency Contact"}]	\N	[{"id": "1762413898892", "name": "BP", "severity": "mild"}]	\N	\N	\N	\N	\N	\N	\N	\N	\N	\N	\N	$2b$12$9frBAojMoy56n7RpfilYTOAqMK9SFHTHAbK5mu1Jxj22hRiVmFGWa	\N	f	\N	active	2025-11-06 07:25:18.602	2025-11-06 07:25:18.602
cmhn3uti70007lhg41kdw37g9	229432	MRN18775581	Una	Ebert	1972-06-17 00:00:00	male	+91 5821240449	destini.quigley@gmail.com	"cito vulgaris perferendis vetus summopere subseco cogito officiis caries"	[{"name": "summa urbanus angulus spoliatio tergeo timor demonstro aliqua vulgaris", "phone": "+91 9594538965", "relation": "Emergency Contact"}]	\N	[{"id": "1762414100734", "name": "bn", "severity": "mild"}]	\N	\N	\N	\N	\N	\N	\N	\N	\N	\N	\N	$2b$12$OOUo6DxH/gzCGPiXHJM/heC78jI3hT2dkayLQ4esLtg0qnPKsIfb6	\N	f	\N	active	2025-11-06 07:28:28.639	2025-11-06 07:28:28.639
cmhn3vb03000elhg43hu9xbfh	280912	MRN57515101	Malika	Cummings	1949-03-05 00:00:00	male	+91 7743299635	claud.barrows@hotmail.com	"currus celo curatio solum tricesimus taceo rerum ubi conservo"	[{"name": "bestia paulatim depraedor utor virtus desino tyrannus suppellex vester", "phone": "+91 0483146246", "relation": "Emergency Contact"}]	\N	[{"id": "1762414128850", "name": "mn", "severity": "mild"}]	\N	\N	\N	\N	\N	\N	\N	\N	\N	\N	\N	$2b$12$.4eWT12zXWhZtgFbhBRKset6srbHxVDGpVZ.8yxFM0B3ia1LpZwtS	\N	f	\N	active	2025-11-06 07:28:51.315	2025-11-06 07:28:51.315
cmhn3vn2v000llhg4wt32wiph	825217	MRN18467833	Bernardo	Skiles	1974-09-24 00:00:00	female	+91 7532523218	christophe.brakus1@yahoo.com	"animus blanditiis torrens calculus auctor adicio thesaurus spes victus"	[{"name": "amissio amor carus facilis utilis qui compello blanditiis conduco", "phone": "+91 3646932627", "relation": "Emergency Contact"}]	\N	\N	\N	\N	\N	\N	\N	\N	\N	\N	\N	\N	\N	$2b$12$DSl0ud7HEvV7qtqy1O/Nt.u.XAAcIK21bxwO6weolHfQpm7NiSlAy	\N	f	\N	active	2025-11-06 07:29:06.967	2025-11-06 07:29:06.967
cmhn3w00f000slhg4x19z5k4q	837286	MRN99355889	Mckayla	Stiedemann	1947-12-23 00:00:00	male	+91 1931800810	tyree_kemmer11@yahoo.com	"vorax advoco suffoco occaecati ad quidem xiphias rem vita"	[{"name": "compono aliquid nisi cultellus adipisci ars suasoria coruscus cenaculum", "phone": "+91 4764206292", "relation": "Emergency Contact"}]	\N	\N	\N	\N	\N	\N	\N	\N	\N	\N	\N	\N	\N	$2b$12$/MmdHjiqwXk6BLbJ3T5V8edG8zjIf/DQCSr7B4cXTTPn9TGWKS0ty	\N	f	\N	active	2025-11-06 07:29:23.727	2025-11-06 07:29:23.727
cmhoj7m27001dlhnc6h8c6pms	878881	MRN17148025	Damien	Rutherford	1988-08-30 00:00:00	female	+91 2238563964	kattie.purdy50@yahoo.com	"deprecator degusto solum cornu demitto appono deputo bene decerno"	[{"name": "tego contigo amet certe assentator acceptus cuius speciosus suus", "phone": "+91 3103706441", "relation": "Emergency Contact"}]	\N	\N	\N	\N	\N	\N	\N	\N	\N	\N	\N	\N	\N	$2b$12$7hKE29idk1bNL5.zqqkk0.bBd4n97Ns/1kupinWLsToixkt4mQRBq	\N	f	\N	active	2025-11-07 07:26:05.935	2025-11-07 07:26:05.935
cmhoj7wd8001klhncdum47ljx	107357	MRN37202428	Jennifer	Hettinger	2005-07-14 00:00:00	female	+91 3627314124	jedidiah82@yahoo.com	"tempus absens tres utor supra comes sub suadeo terebro"	[{"name": "vigilo adaugeo clementia attero cetera socius colligo amor sodalitas", "phone": "+91 1820279047", "relation": "Emergency Contact"}]	\N	\N	\N	\N	\N	\N	\N	\N	\N	\N	\N	\N	\N	$2b$12$u2y/DnD0i5pXE8vgZeKzFeOXkD2dX5K7rFiz40.bU6SI5kAOWISuC	\N	f	\N	active	2025-11-07 07:26:19.293	2025-11-07 07:26:19.293
cmhoj87ks001rlhncy6e55y9c	233454	MRN68733079	Georgiana	Kozey	1964-05-05 00:00:00	female	+91 1343516687	stone.kassulke83@hotmail.com	"cena iure studio audio decens sophismata approbo videlicet tardus"	[{"name": "debeo deserunt adipisci caste aeternus deputo eaque tumultus defungo", "phone": "+91 8041556948", "relation": "Emergency Contact"}]	\N	\N	\N	\N	\N	\N	\N	\N	\N	\N	\N	\N	\N	$2b$12$BULFjxQRACq7rZ02WA3RReBX3cUwo47tVtyrW7pIPtkbGcKxapRuK	\N	f	\N	active	2025-11-07 07:26:33.82	2025-11-07 07:26:33.82
cmhoj8iat001ylhncvpojt5zs	569526	MRN71808345	Pasquale	Veum	1961-10-28 00:00:00	female	+91 6134704560	jensen_abshire@yahoo.com	"caterva cogito vado volva terror architecto cubo coadunatio speculum"	[{"name": "cum surgo via volubilis patria pecto vito absum apostolus", "phone": "+91 2986189197", "relation": "Emergency Contact"}]	\N	\N	\N	\N	\N	\N	\N	\N	\N	\N	\N	\N	\N	$2b$12$v1Tbuj5vt3RI61BwZK6otOXw.IK/5vY0q3NkvOdLulIqd4qA88Yg2	\N	f	\N	active	2025-11-07 07:26:47.717	2025-11-07 07:26:47.717
cmhoj8t9m0025lhncak577md2	726203	MRN70883392	Ana	Tremblay	1950-11-22 00:00:00	female	+91 3453248157	charley.huels88@gmail.com	"inflammatio a eum curia trepide tego acceptus deprimo ustilo"	[{"name": "admiratio adflicto virtus pectus degero vulnero sapiente tersus tersus", "phone": "+91 9674321947", "relation": "Emergency Contact"}]	\N	\N	\N	\N	\N	\N	\N	\N	\N	\N	\N	\N	\N	$2b$12$ni5AuW1eXB7pT35cA1W9ouLWUw9MxuXfyysfAa06LWQWls/eYcWCu	\N	f	\N	active	2025-11-07 07:27:01.931	2025-11-07 07:27:01.931
cmhoj956h002clhnc46hfcd0a	140261	MRN59374510	Merritt	Prohaska	1991-05-03 00:00:00	male	+91 9531708164	omer_becker43@yahoo.com	"tandem voluptatibus bellicus saepe cotidie argentum coaegresco supplanto amplexus"	[{"name": "ducimus deludo vomica arguo cerno pecus tepesco aspicio corpus", "phone": "+91 2785894390", "relation": "Emergency Contact"}]	\N	\N	\N	\N	\N	\N	\N	\N	\N	\N	\N	\N	\N	$2b$12$bkmOVyvyKmeva5ybo0.mY.wlGoyRMQ8xHeWN.P.pgBuMLBAoFm5ie	\N	f	\N	active	2025-11-07 07:27:17.37	2025-11-07 07:27:17.37
cmhoj9hee002jlhnctpqu28b8	524353	MRN56794302	Gilda	Schamberger	1991-10-10 00:00:00	female	+91 2128568471	claudia.lebsack@gmail.com	"tepesco vergo spiritus textilis patior studio adsum cultellus advenio"	[{"name": "ad velociter stillicidium considero corona aestivus tunc cuius vester", "phone": "+91 7225663416", "relation": "Emergency Contact"}]	\N	\N	\N	\N	\N	\N	\N	\N	\N	\N	\N	\N	\N	$2b$12$cIBrPqkZepezhUxWeLb2deNpf.Puq82qYobrTJjFzHCHmIgJlgHae	\N	f	\N	active	2025-11-07 07:27:33.207	2025-11-07 07:27:33.207
\.


--
-- Data for Name: room_types; Type: TABLE DATA; Schema: public; Owner: -
--

COPY public.room_types (id, "typeName", "typeCode", category, "defaultCapacity", "equipmentRequirements", "costPerHour") FROM stdin;
\.


--
-- Data for Name: staff; Type: TABLE DATA; Schema: public; Owner: -
--

COPY public.staff (id, "employeeId", "firstName", "lastName", email, phone, "dateOfBirth", gender, address, "emergencyContact", department, "staffType", "employmentStatus", "joiningDate", qualifications, certifications, "languagesSpoken", "doctorProfile", "nurseProfile", "technicianProfile", "adminProfile", "receptionistProfile", "receptionist2Profile", "optometristProfile", "accountantProfile", "qualityCoordinatorProfile", "patientSafetyOfficerProfile", "tpaProfile", "otAdminProfile", "anesthesiologistProfile", "surgeonProfile", "sisterProfile", "profilePhoto", documents, "passwordHash", "isActive", "lastLogin", "createdAt", "updatedAt") FROM stdin;
cmhn1584d00057km0x5p2g8uv	ANE001	Anesthesiologist	User	ankushmu8080@gmail.com	+91-9876543215	\N	\N	\N	\N	Anesthesiology	anesthesiologist	active	2024-01-01 00:00:00	\N	\N	\N	\N	\N	\N	\N	\N	\N	\N	\N	\N	\N	\N	\N	{"totalCases": 3200, "complications": 0.1, "certifications": ["MD Anesthesiology", "Fellowship in Regional Anesthesia"], "specialization": "Ophthalmic Anesthesia", "yearsExperience": 12}	\N	\N	\N	\N	$2b$10$T9l7iwBGSDI4QlDET1Uj/OrVVOdJr0ZNixdH0y5iybq82OVKa8Sd2	t	2025-11-07 16:12:56.607	2025-11-06 06:12:35.293	2025-11-07 16:12:56.607
cmhn1dekm00007kiw114mfb9b	OTA0001	test1	23	testing83@gmail.com	6767676767	2025-11-07 00:00:00	female	"kjjk"	{"name": "hjjhj", "phone": "8989898989", "relationship": "gg"}	optometry	ot-admin		2025-11-05 00:00:00	["MS Ophthalmology"]	["ACLS Certified"]	{}	null	null	null	null	null	null	null	null	null	null	\N	{"shiftSchedule": "evening", "otRoomsManaged": 67, "otLicenseNumber": "hjh9089", "specializations": ["Surgery Scheduling"], "responsibilities": [], "maxDailySurgeries": 0, "yearsOfExperience": 0, "adminCertification": "Operation Theatre Management", "equipmentExpertise": [], "canAuthorizeEmergency": false, "emergencyAvailability": false}	null	null	null	\N	{}	$2b$04$qBhsMmhyrpux8CM65R33w.Pbb4vBqj66ytNx4q00k/X5WRV/Ny5uC	t	\N	2025-11-06 06:18:56.903	2025-11-06 06:18:56.903
cmhn27itf0000lhfwuefqnbhq	OPT0002	Trycia	Will	work.ankush074@gmail.com	537-867-0912	1982-03-23 00:00:00		"vero arx cultura creber tempus dignissimos cenaculum admoneo armarium"	{"name": "averto damnatio placeat artificiose titulus crur curso urbs denique", "phone": "484-915-4434 x0174", "relationship": "arceo alveus supellex artificiose distinctio vesica arcus coepi adicio"}	administration	optometrist	active	1970-01-26 00:00:00	["Pharm D"]	["Board Certified Ophthalmologist", "ACLS Certified"]	{Tamil}	null	null	null	null	null	null	{"followUpFee": 3232, "operatingDays": ["Friday"], "consultationFee": 322332, "optometryDegree": "3222222", "specializations": ["Pediatric Optometry", "Myopia Control"], "consultationHours": "3223", "maxPatientsPerDay": 2332, "yearsOfExperience": 23322, "equipmentCertified": ["Phoropter"], "canPrescribeMedication": true, "optometryLicenseNumber": "322222222"}	null	null	null	\N	null	null	null	null	\N	{uploads/OPT0002/documents/documents_1762411342026-845397240_OHMS_Progress_report_27th_October_2025.pdf}	$2b$04$.srrwAJ8skkU3.2X.gWkh.w.kOp.aZ3z8aSFK2IbYNzGYFGP9Ypkm	t	\N	2025-11-06 06:42:22.083	2025-11-06 06:42:22.083
cmhn157r900017km0eujqowlm	REC001	Receptionist	One	admin@yogineerstech.in	+91-9876543211	\N	\N	\N	\N	Reception	receptionist	active	2024-01-01 00:00:00	\N	\N	\N	\N	\N	\N	\N	\N	\N	\N	\N	\N	\N	\N	\N	\N	\N	\N	\N	\N	$2b$10$wfs9xDyfGZorY709AUUNkO4.QJqsKexPdBaO.qIvoupqbDPDHqfdG	t	2025-11-10 05:16:40.604	2025-11-06 06:12:34.822	2025-11-10 05:16:40.604
cmhn157z300047km0x8j865ec	OTA001	OT Admin	User	ankushdiwakar8080@gmail.com	+91-9876543214	\N	\N	\N	\N	Operation Theatre	ot_admin	active	2024-01-01 00:00:00	\N	\N	\N	\N	\N	\N	\N	\N	\N	\N	\N	\N	\N	\N	{"certifications": ["OT Management Certificate", "Hospital Administration"], "specialization": "OT Management", "yearsExperience": 10, "responsibilities": ["OT Scheduling", "Equipment Management", "Staff Coordination"]}	\N	\N	\N	\N	\N	$2b$10$VXbE8mNn6I9FUhEAtW8YceX3vDfxeHkf.WV2zcZzX2yI3nj6mV6By	t	2025-11-10 08:18:32.048	2025-11-06 06:12:35.104	2025-11-10 08:18:32.048
cmhn157vr00037km0gv0ixhzn	DOC001	Dr. Doctor	User	chavantanuj50@gmail.com	+91-9876543213	\N	\N	\N	\N	Ophthalmology	doctor	active	2024-01-01 00:00:00	\N	\N	\N	{"availableSlots": ["09:00-12:00", "14:00-17:00"], "certifications": ["MS Ophthalmology"], "specialization": "General Ophthalmology", "consultationFee": 1500, "yearsExperience": 12}	\N	\N	\N	\N	\N	\N	\N	\N	\N	\N	\N	\N	\N	\N	\N	\N	$2b$10$zSyzTAPodTFpY1ovqlqDnujad6odX5g3Y.RTUQHSEyShOY1XpITvO	t	2025-11-10 08:26:55.944	2025-11-06 06:12:34.984	2025-11-10 08:26:55.944
cmhn158a000067km0ukhllcvm	SUR001	Surgeon	User	work.ankush07@gmail.com	+91-9876543216	\N	\N	\N	\N	Ophthalmology	surgeon	active	2024-01-01 00:00:00	\N	\N	\N	\N	\N	\N	\N	\N	\N	\N	\N	\N	\N	\N	\N	\N	{"successRate": 99.2, "certifications": ["MS Ophthalmology", "Fellowship in Cataract Surgery"], "specialization": "Cataract & Anterior Segment", "totalSurgeries": 2500, "yearsExperience": 15}	\N	\N	\N	$2b$10$e52UsZQy0XfSj2IFZIt.AesnTbE7q2D9umpYLjDBWy9TI9qsCSx.e	t	2025-11-07 08:32:39.933	2025-11-06 06:12:35.497	2025-11-07 08:32:39.933
cmhn157ow00007km0qay4vn71	OPT001	Optometrist	User	adwapking83@gmail.com	+91-9876543210	\N	\N	\N	\N	Optometry	optometrist	active	2024-01-01 00:00:00	\N	\N	\N	\N	\N	\N	\N	\N	\N	{"certifications": ["BSc Optometry", "Contact Lens Specialist"], "specialization": "Refraction & Contact Lenses", "yearsExperience": 8, "equipmentCertified": ["Auto Refractometer", "Tonometer", "Slit Lamp"]}	\N	\N	\N	\N	\N	\N	\N	\N	\N	\N	$2b$10$IRfklsgri06/rQi5fJF9XeCp6YO7Yp3JhKPO3voDgXuX8Jl3ipC7G	t	2025-11-10 04:48:09.475	2025-11-06 06:12:34.737	2025-11-10 04:48:09.475
cmhn158em00077km0xu2je46i	SIS001	Sister	User	metacodehorizons@gmail.com	+91-9876543217	\N	\N	\N	\N	OT Nursing	sister	active	2024-01-01 00:00:00	\N	\N	\N	\N	\N	\N	\N	\N	\N	\N	\N	\N	\N	\N	\N	\N	\N	{"teamSize": 8, "totalAssists": 5000, "certifications": ["BSc Nursing", "OT Specialist Certificate"], "specialization": "OT Management", "yearsExperience": 18}	\N	\N	$2b$10$h9n7C1kW/GBNiDjE09EeZuRMrUnPYoHhITJb4Sm0jf8Gaq1s.aDw.	t	2025-11-10 05:16:32.124	2025-11-06 06:12:35.662	2025-11-10 05:16:32.124
cmhn4ec1k0019lhg4ijozo1sr	RC20001	Raphaelle	Reinger	tcchavan999@gmail.com	9998887654	1949-05-01 00:00:00		"arma canonicus sed spargo vulnus tamdiu ventito derelinquo uberrime"	{"name": "sequi attonbitus culpa soleo demoror vorax dolores soleo damno", "phone": "803-398-5308 x28319", "relationship": "vomer sustineo quis verbera animus timor canis causa via"}	reception	receptionist2	active	1994-08-03 00:00:00	["Pharm D", "B.Sc Nursing", "MS Ophthalmology"]	["Board Certified Ophthalmologist", "ACLS Certified"]	{Tamil,English}	null	null	null	null	null	{"shiftTiming": "night", "computerSkills": ["Microsoft Office", "Insurance Verification"], "languageSupport": ["Mandarin"], "departmentAssignment": "emergency_reception", "customerServiceExperience": 3}	null	null	null	null	\N	null	null	null	null	\N	{uploads/RC20001/documents/documents_1762415019047-676402843_OHMS_Appointment_8819_2025-10-30_125431.pdf}	$2b$04$0UhpZ.I1E05nD8Q6FYPa8eIKaqJT2BvHNrgbh44.77UsRPSNQ30wG	t	2025-11-10 08:20:16.362	2025-11-06 07:43:39.128	2025-11-10 08:20:16.362
cmhnbyntr00017kiwewbkfuzh	DOC0002	doctor	staff	doctorstaff@gmail.com	1234567876	2025-11-01 00:00:00	male	"dr ggdgd add"	{"name": "Rama", "phone": "9898989898", "relationship": "parent"}	operation-theatre	doctor	active	2025-11-05 00:00:00	["MS Ophthalmology", "B.Sc Nursing", "MBBS", "M.Sc Nursing"]	[]	{English,Hindi,Marathi}	{"followUpFee": 400, "medicalCouncil": "State Medical Board", "consultationFee": 1000, "maxPatientsPerDay": 10, "yearsOfExperience": 10, "medicalLicenseNumber": "MD9098"}	null	null	null	null	null	null	null	null	null	\N	null	null	null	null	\N	{}	$2b$04$jnhWexBVGB1MBI9h70hv5.39drEoHqRitgVXeNLkBgC3kDUI22NM.	t	\N	2025-11-06 11:15:24.831	2025-11-06 11:15:24.831
cmhnc189o00027kiw113jaztk	NUR0001	nurse	staff	nursestaff@gmail.com	9898989898	2025-11-07 00:00:00	female	"gh"	{"name": "Rama", "phone": "4567878787", "relationship": "parent"}		nurse		2025-11-05 00:00:00	["MS Ophthalmology"]	["Board Certified Ophthalmologist"]	{English}	null	{"shiftType": "day", "nursingDegree": "Bachelor of Science in Nursing", "nursingLicenseNumber": "RN67654"}	null	null	null	null	null	null	null	null	\N	null	null	null	null	\N	{}	$2b$04$YSfF7wlteQH.HnzCPUKoP.fr.F/Pit/uvZ/gyoYDI8mxchoUuMwHO	t	\N	2025-11-06 11:17:24.636	2025-11-06 11:17:24.636
cmhnc4hlv00037kiwwp2kb6j7	RC20002	recep2	test	receptiTest@gmail.com	8787878783	2025-11-07 00:00:00	female	"jkkhj"	{"name": "Rama", "phone": "9876543212", "relationship": "parent"}	ophthalmology	receptionist2	active	2025-11-06 00:00:00	["MS Ophthalmology"]	["Board Certified Ophthalmologist"]	{Marathi,English}	null	null	null	null	null	{"shiftTiming": "morning"}	null	null	null	null	\N	null	null	null	null	\N	{}	$2b$04$EHIIeRmipzxMfWJe4nD9buUN5iDA4LY0cy7/q7OkrxnKpq5vA9v56	t	\N	2025-11-06 11:19:56.708	2025-11-06 11:19:56.708
\.


--
-- Data for Name: rooms; Type: TABLE DATA; Schema: public; Owner: -
--

COPY public.rooms (id, "floorId", "roomTypeId", "roomNumber", "roomName", capacity, "equipmentInstalled", status, "dailyRate", "hourlyRate", "lastCleaned", "createdAt", "updatedAt", "assignedStaffId") FROM stdin;
\.


--
-- Data for Name: appointments; Type: TABLE DATA; Schema: public; Owner: -
--

COPY public.appointments (id, "patientId", "doctorId", "appointmentDate", "appointmentTime", "tokenNumber", "qrCode", "estimatedDuration", status, "appointmentType", purpose, notes, "roomId", "estimatedCost", "cancelReason", "rescheduledFrom", "rescheduledTo", "createdAt", "updatedAt") FROM stdin;
cmhn3qti40002lhg4gcpkmdam	cmhn3qqve0000lhg4w8a6xd3y	\N	2025-11-06 07:25:21.902	12:55 PM	5318	\N	30	CHECKED_IN	routine	Initial Consultation - New Patient Registration	Patient registered by staff. Login credentials sent via email.	\N	\N	\N	\N	\N	2025-11-06 07:25:22.012	2025-11-06 07:25:24.796
cmhn3uvvo0009lhg4xaim8fxi	cmhn3uti70007lhg41kdw37g9	\N	2025-11-06 07:28:31.692	12:58 PM	4574	\N	30	CHECKED_IN	routine	Initial Consultation - New Patient Registration	Patient registered by staff. Login credentials sent via email.	\N	\N	\N	\N	\N	2025-11-06 07:28:31.716	2025-11-06 07:28:34.392
cmhn3vddx000glhg4zu07pohw	cmhn3vb03000elhg43hu9xbfh	\N	2025-11-06 07:28:54.39	12:58 PM	9893	\N	30	CHECKED_IN	routine	Initial Consultation - New Patient Registration	Patient registered by staff. Login credentials sent via email.	\N	\N	\N	\N	\N	2025-11-06 07:28:54.404	2025-11-06 07:28:55.807
cmhn3vpix000nlhg40hfif6pt	cmhn3vn2v000llhg4wt32wiph	\N	2025-11-06 07:29:10.121	12:59 PM	9412	\N	30	CHECKED_IN	routine	Initial Consultation - New Patient Registration	Patient registered by staff. Login credentials sent via email.	\N	\N	\N	\N	\N	2025-11-06 07:29:10.137	2025-11-06 07:29:11.832
cmhn3w2h2000ulhg49y2804ju	cmhn3w00f000slhg4x19z5k4q	\N	2025-11-06 07:29:26.902	12:59 PM	4670	\N	30	CHECKED_IN	routine	Initial Consultation - New Patient Registration	Patient registered by staff. Login credentials sent via email.	\N	\N	\N	\N	\N	2025-11-06 07:29:26.918	2025-11-06 07:29:28.665
cmhogxope000alhnc2x1tpk2i	cmhn3w00f000slhg4x19z5k4q	\N	2025-11-07 06:22:23.508	11:52 AM	3278	\N	30	CHECKED_IN	Follow-up	fda	fasfsafsdf	\N	\N	\N	\N	\N	2025-11-07 06:22:23.57	2025-11-07 06:22:25.282
cmhogy1lo000glhncrv9si953	cmhn3vn2v000llhg4wt32wiph	\N	2025-11-07 06:22:40.283	11:52 AM	8986	\N	30	CHECKED_IN	Emergency	asdfasd	afasfs	\N	\N	\N	\N	\N	2025-11-07 06:22:40.285	2025-11-07 06:22:41.605
cmhogykhr000mlhnccf7s86wa	cmhn3vb03000elhg43hu9xbfh	\N	2025-11-07 06:23:04.766	11:53 AM	8454	\N	30	CHECKED_IN	Emergency	sdfsadf	sfsfsd	\N	\N	\N	\N	\N	2025-11-07 06:23:04.768	2025-11-07 06:23:06.252
cmhogyucf000slhncoqwuwzdv	cmhn3uti70007lhg41kdw37g9	\N	2025-11-07 06:23:17.533	11:53 AM	5717	\N	30	CHECKED_IN	Emergency	sfdsdfs	asfdsddsfsd	\N	\N	\N	\N	\N	2025-11-07 06:23:17.535	2025-11-07 06:23:19.053
cmhogz79u000ylhnc40gf2c2l	cmhn3qqve0000lhg4w8a6xd3y	\N	2025-11-07 06:23:34.288	11:53 AM	9909	\N	30	CHECKED_IN	Post-Op Checkup	erssdfgfdsg	asfsadfasew	\N	\N	\N	\N	\N	2025-11-07 06:23:34.29	2025-11-07 06:23:35.83
cmhoj7ojp001flhncbhtr6yaq	cmhoj7m27001dlhnc6h8c6pms	\N	2025-11-07 07:26:09.137	12:56 PM	4754	\N	30	CHECKED_IN	routine	Initial Consultation - New Patient Registration	Patient registered by staff. Login credentials sent via email.	\N	\N	\N	\N	\N	2025-11-07 07:26:09.158	2025-11-07 07:26:10.83
cmhoj7yo0001mlhncf6bkxu8s	cmhoj7wd8001klhncdum47ljx	\N	2025-11-07 07:26:22.247	12:56 PM	1748	\N	30	CHECKED_IN	routine	Initial Consultation - New Patient Registration	Patient registered by staff. Login credentials sent via email.	\N	\N	\N	\N	\N	2025-11-07 07:26:22.272	2025-11-07 07:26:24.017
cmhoj89t5001tlhncf227ie11	cmhoj87ks001rlhncy6e55y9c	\N	2025-11-07 07:26:36.703	12:56 PM	9575	\N	30	CHECKED_IN	routine	Initial Consultation - New Patient Registration	Patient registered by staff. Login credentials sent via email.	\N	\N	\N	\N	\N	2025-11-07 07:26:36.713	2025-11-07 07:26:38.153
cmhoj8kl10020lhncsjxinqsr	cmhoj8iat001ylhncvpojt5zs	\N	2025-11-07 07:26:50.667	12:56 PM	4487	\N	30	CHECKED_IN	routine	Initial Consultation - New Patient Registration	Patient registered by staff. Login credentials sent via email.	\N	\N	\N	\N	\N	2025-11-07 07:26:50.678	2025-11-07 07:26:51.907
cmhoj8vmz0027lhnczg25nkmo	cmhoj8t9m0025lhncak577md2	\N	2025-11-07 07:27:04.989	12:57 PM	7915	\N	30	CHECKED_IN	routine	Initial Consultation - New Patient Registration	Patient registered by staff. Login credentials sent via email.	\N	\N	\N	\N	\N	2025-11-07 07:27:05.003	2025-11-07 07:27:06.459
cmhoj97hq002elhnckg22oiy0	cmhoj956h002clhnc46hfcd0a	\N	2025-11-07 07:27:20.358	12:57 PM	7428	\N	30	CHECKED_IN	routine	Initial Consultation - New Patient Registration	Patient registered by staff. Login credentials sent via email.	\N	\N	\N	\N	\N	2025-11-07 07:27:20.367	2025-11-07 07:27:21.843
cmhoj9jwf002llhncadbkgutv	cmhoj9hee002jlhnctpqu28b8	\N	2025-11-07 07:27:36.433	12:57 PM	2156	\N	30	CHECKED_IN	routine	Initial Consultation - New Patient Registration	Patient registered by staff. Login credentials sent via email.	\N	\N	\N	\N	\N	2025-11-07 07:27:36.448	2025-11-07 07:27:37.875
cmhojueqd00027kmcfop0tlqk	cmhoj9hee002jlhnctpqu28b8	\N	2025-11-07 07:43:49.446	01:13 PM	2977	\N	30	CHECKED_IN	Post-Op Checkup	Post-Op Checkup appointment	Instant appointment booked by Receptionist One (receptionist)	\N	\N	\N	\N	\N	2025-11-07 07:43:49.49	2025-11-07 07:43:51.428
cmhoy957q0001tzqkbp7p9elt	cmhoj9hee002jlhnctpqu28b8	\N	2025-11-07 14:27:11.614	07:57 PM	4648	\N	30	CHECKED_IN	Post-Op Checkup	Post-Op Checkup appointment	Instant appointment booked by Receptionist One (receptionist)	\N	\N	\N	\N	\N	2025-11-07 14:27:11.653	2025-11-07 14:27:12.844
\.


--
-- Data for Name: bed_types; Type: TABLE DATA; Schema: public; Owner: -
--

COPY public.bed_types (id, "typeName", "typeCode", category, "dailyCharge") FROM stdin;
\.


--
-- Data for Name: beds; Type: TABLE DATA; Schema: public; Owner: -
--

COPY public.beds (id, "roomId", "bedTypeId", "bedNumber", status, "patientId", "admissionDate", "expectedDischargeDate", "dailyRate", "createdAt", "updatedAt") FROM stdin;
\.


--
-- Data for Name: hospital; Type: TABLE DATA; Schema: public; Owner: -
--

COPY public.hospital (id, "hospitalName", "hospitalCode", "registrationNumber", "licenseNumber", address, phone, email, website, "establishedDate", "hospitalType", accreditation, "totalBeds", "totalRooms", "totalFloors", "operatingHours", "emergencyServices", logo, timezone, currency, "supportedLanguages", "taxSettings", configuration, "isActive", "createdAt", "updatedAt") FROM stdin;
\.


--
-- Data for Name: insurance_claims; Type: TABLE DATA; Schema: public; Owner: -
--

COPY public.insurance_claims (id, "claimNumber", "patientId", "insuranceId", "claimAmount", "approvedAmount", "settledAmount", status, documents, "submittedAt", "processedAt", "settledAt", notes, "createdAt", "updatedAt") FROM stdin;
\.


--
-- Data for Name: patient_visits; Type: TABLE DATA; Schema: public; Owner: -
--

COPY public.patient_visits (id, "patientId", "appointmentId", "doctorId", "visitNumber", "visitType", "visitDate", "chiefComplaint", "presentingSymptoms", "visionComplaints", "eyeSymptoms", "onsetDuration", status, "priorityLevel", "checkedInAt", "optometristCalledAt", "optometristSeenAt", "doctorCalledAt", "doctorSeenAt", "billingInitiatedAt", "completedAt", "admissionDate", "dischargeDate", "estimatedCost", "insuranceCoverage", "totalEstimatedCost", "totalActualCost", "visitOutcome", "followUpInstructions", "followUpRequired", "followUpDate", "nextAppointmentDate", "receptionist2Notes", "createdAt", "updatedAt") FROM stdin;
cmhn3w3tz000wlhg4mwx6yteg	cmhn3w00f000slhg4x19z5k4q	cmhn3w2h2000ulhg49y2804ju	\N	1	routine	2025-11-06 07:29:28.676	\N	\N	\N	\N	\N	COMPLETED	routine	2025-11-06 07:29:28.676	\N	2025-11-06 07:37:32.507	\N	2025-11-06 10:10:33.167	\N	2025-11-06 10:10:33.167	\N	\N	\N	\N	0	0	\N	\N	f	\N	\N	\N	2025-11-06 07:29:28.679	2025-11-06 10:10:33.171
cmhn3uy4n000blhg4uczzxymd	cmhn3uti70007lhg41kdw37g9	cmhn3uvvo0009lhg4xaim8fxi	\N	1	routine	2025-11-06 07:28:34.629	\N	\N	\N	\N	\N	COMPLETED	routine	2025-11-06 07:28:34.629	\N	2025-11-06 07:36:14.662	\N	2025-11-07 05:22:35.891	\N	2025-11-07 05:22:35.891	\N	\N	\N	\N	0	0	\N	\N	f	\N	\N	\N	2025-11-06 07:28:34.631	2025-11-07 05:22:35.892
cmhn3vquf000plhg4vabz6hb7	cmhn3vn2v000llhg4wt32wiph	cmhn3vpix000nlhg40hfif6pt	\N	1	routine	2025-11-06 07:29:11.844	\N	\N	\N	\N	\N	COMPLETED	routine	2025-11-06 07:29:11.844	\N	2025-11-06 07:37:05.193	\N	2025-11-07 05:28:25.999	\N	2025-11-07 05:28:25.999	\N	\N	\N	\N	0	0	\N	\N	f	\N	\N	\N	2025-11-06 07:29:11.847	2025-11-07 05:28:26
cmhn3qvo40004lhg4rhwjayd3	cmhn3qqve0000lhg4w8a6xd3y	cmhn3qti40002lhg4gcpkmdam	\N	1	routine	2025-11-06 07:25:24.818	\N	\N	\N	\N	\N	COMPLETED	routine	2025-11-06 07:25:24.818	\N	2025-11-06 07:35:40.664	\N	2025-11-07 05:29:32.639	\N	2025-11-07 05:29:32.639	\N	\N	\N	\N	0	0	\N	\N	f	\N	\N	\N	2025-11-06 07:25:24.82	2025-11-07 05:29:32.64
cmhn3vehd000ilhg4j7ozpz3m	cmhn3vb03000elhg43hu9xbfh	cmhn3vddx000glhg4zu07pohw	\N	1	routine	2025-11-06 07:28:55.82	\N	\N	\N	\N	\N	COMPLETED	routine	2025-11-06 07:28:55.82	\N	2025-11-06 07:36:44.167	\N	2025-11-07 05:30:19.835	\N	2025-11-07 05:30:19.835	\N	\N	\N	\N	0	0	\N	\N	f	\N	\N	\N	2025-11-06 07:28:55.824	2025-11-07 05:30:19.837
cmhoj800z001olhncqkn65u25	cmhoj7wd8001klhncdum47ljx	cmhoj7yo0001mlhncf6bkxu8s	\N	1	routine	2025-11-07 07:26:24.033	\N	\N	\N	\N	\N	AWAITING_DOCTOR	routine	2025-11-07 07:26:24.033	\N	2025-11-07 07:45:02.079	\N	\N	\N	\N	\N	\N	\N	\N	0	0	\N	\N	f	\N	\N	\N	2025-11-07 07:26:24.035	2025-11-07 07:45:02.081
cmhogy2mv000ilhnc5w7jlbit	cmhn3vn2v000llhg4wt32wiph	cmhogy1lo000glhncrv9si953	\N	2	Emergency	2025-11-07 06:22:41.622	\N	\N	\N	\N	\N	AWAITING_DOCTOR	routine	2025-11-07 06:22:41.622	\N	2025-11-07 07:19:14.112	\N	\N	\N	\N	\N	\N	\N	\N	0	0	\N	\N	f	\N	\N	\N	2025-11-07 06:22:41.623	2025-11-07 07:19:14.113
cmhoj9l0g002nlhncrw1bolsl	cmhoj9hee002jlhnctpqu28b8	cmhoj9jwf002llhncadbkgutv	\N	1	routine	2025-11-07 07:27:37.888	\N	\N	\N	\N	\N	AWAITING_DOCTOR	routine	2025-11-07 07:27:37.888	\N	2025-11-07 08:49:08.525	\N	\N	\N	\N	\N	\N	\N	\N	0	0	\N	\N	f	\N	\N	\N	2025-11-07 07:27:37.889	2025-11-07 08:49:08.527
cmhoj8ljg0022lhnc92z9yq75	cmhoj8iat001ylhncvpojt5zs	cmhoj8kl10020lhncsjxinqsr	\N	1	routine	2025-11-07 07:26:51.916	\N	\N	\N	\N	\N	AWAITING_DOCTOR	routine	2025-11-07 07:26:51.916	\N	2025-11-07 08:49:25.863	\N	\N	\N	\N	\N	\N	\N	\N	0	0	\N	\N	f	\N	\N	\N	2025-11-07 07:26:51.917	2025-11-07 08:49:25.864
cmhogxq1i000clhncogssvcj9	cmhn3w00f000slhg4x19z5k4q	cmhogxope000alhnc2x1tpk2i	\N	2	Follow-up	2025-11-07 06:22:25.3	\N	\N	\N	\N	\N	COMPLETED	routine	2025-11-07 06:22:25.3	\N	2025-11-07 07:19:37.783	\N	2025-11-07 08:12:05.648	\N	2025-11-07 08:12:05.648	\N	\N	\N	\N	0	0	\N	\N	f	\N	\N	\N	2025-11-07 06:22:25.302	2025-11-07 08:12:05.65
cmhoj8wrt0029lhncg0esis8v	cmhoj8t9m0025lhncak577md2	cmhoj8vmz0027lhnczg25nkmo	\N	1	routine	2025-11-07 07:27:06.472	\N	\N	\N	\N	\N	AWAITING_DOCTOR	routine	2025-11-07 07:27:06.472	\N	2025-11-07 08:49:32.864	\N	\N	\N	\N	\N	\N	\N	\N	0	0	\N	\N	f	\N	\N	\N	2025-11-07 07:27:06.473	2025-11-07 08:49:32.865
cmhogyvj1000ulhncjjoom63h	cmhn3uti70007lhg41kdw37g9	cmhogyucf000slhncoqwuwzdv	\N	2	Emergency	2025-11-07 06:23:19.068	\N	\N	\N	\N	\N	AWAITING_DOCTOR	routine	2025-11-07 06:23:19.068	\N	2025-11-07 07:19:47.843	\N	\N	\N	\N	\N	\N	\N	\N	0	0	\N	\N	f	\N	\N	\N	2025-11-07 06:23:19.07	2025-11-07 07:19:47.845
cmhoj8axe001vlhnc4by7zg3l	cmhoj87ks001rlhncy6e55y9c	cmhoj89t5001tlhncf227ie11	\N	1	routine	2025-11-07 07:26:38.161	\N	\N	\N	\N	\N	AWAITING_DOCTOR	routine	2025-11-07 07:26:38.161	\N	2025-11-07 08:48:44.227	\N	\N	\N	\N	\N	\N	\N	\N	0	0	\N	\N	f	\N	\N	\N	2025-11-07 07:26:38.162	2025-11-07 08:48:44.229
cmhogz8gv0010lhncbs159v14	cmhn3qqve0000lhg4w8a6xd3y	cmhogz79u000ylhnc40gf2c2l	\N	2	Post-Op Checkup	2025-11-07 06:23:35.838	\N	\N	\N	\N	\N	AWAITING_DOCTOR	routine	2025-11-07 06:23:35.838	\N	2025-11-07 07:19:58.916	\N	\N	\N	\N	\N	\N	\N	\N	0	0	\N	\N	f	\N	\N	\N	2025-11-07 06:23:35.84	2025-11-07 07:19:58.918
cmhoj7puq001hlhncouhrcgix	cmhoj7m27001dlhnc6h8c6pms	cmhoj7ojp001flhncbhtr6yaq	\N	1	routine	2025-11-07 07:26:10.849	\N	\N	\N	\N	\N	AWAITING_DOCTOR	routine	2025-11-07 07:26:10.849	\N	2025-11-07 08:48:53.669	\N	\N	\N	\N	\N	\N	\N	\N	0	0	\N	\N	f	\N	\N	\N	2025-11-07 07:26:10.851	2025-11-07 08:48:53.67
cmhojug7x00047kmcskgh0dzh	cmhoj9hee002jlhnctpqu28b8	cmhojueqd00027kmcfop0tlqk	\N	2	Post-Op Checkup	2025-11-07 07:43:51.45	\N	\N	\N	\N	\N	AWAITING_DOCTOR	routine	2025-11-07 07:43:51.45	\N	2025-11-07 08:49:39.535	\N	\N	\N	\N	\N	\N	\N	\N	0	0	\N	\N	f	\N	\N	\N	2025-11-07 07:43:51.453	2025-11-07 08:49:39.538
cmhogylna000olhnc9nd39tyx	cmhn3vb03000elhg43hu9xbfh	cmhogykhr000mlhnccf7s86wa	\N	2	Emergency	2025-11-07 06:23:06.261	\N	\N	\N	\N	\N	COMPLETED	routine	2025-11-07 06:23:06.261	\N	2025-11-07 07:18:48.696	\N	2025-11-07 11:26:07.512	\N	2025-11-07 11:26:07.512	\N	\N	\N	\N	0	0	\N	\N	f	\N	\N	\N	2025-11-07 06:23:06.262	2025-11-07 11:26:07.513
cmhoj98n0002glhncp3xrjd9e	cmhoj956h002clhnc46hfcd0a	cmhoj97hq002elhnckg22oiy0	\N	1	routine	2025-11-07 07:27:21.852	\N	\N	\N	\N	\N	AWAITING_DOCTOR	routine	2025-11-07 07:27:21.852	\N	2025-11-07 08:49:03.031	\N	\N	\N	\N	\N	\N	\N	\N	0	0	\N	\N	f	\N	\N	\N	2025-11-07 07:27:21.853	2025-11-07 08:49:03.033
cmhoy964y0003tzqkhibqcrdo	cmhoj9hee002jlhnctpqu28b8	cmhoy957q0001tzqkbp7p9elt	\N	3	Post-Op Checkup	2025-11-07 14:27:12.848	\N	\N	\N	\N	\N	WITH_OPTOMETRIST	routine	2025-11-07 14:27:12.848	\N	2025-11-07 14:27:21.039	\N	\N	\N	\N	\N	\N	\N	\N	0	0	\N	\N	f	\N	\N	\N	2025-11-07 14:27:12.85	2025-11-07 14:27:21.039
\.


--
-- Data for Name: bills; Type: TABLE DATA; Schema: public; Owner: -
--

COPY public.bills (id, "billNumber", "patientId", "patientVisitId", "hospitalId", "billDate", "dueDate", status, "subTotal", "taxAmount", "discountAmount", "totalAmount", "paidAmount", "balanceAmount", "billedBy", "approvedBy", "insuranceClaimId", "estimatedInsuranceCover", notes, "createdAt", "updatedAt") FROM stdin;
\.


--
-- Data for Name: bill_items; Type: TABLE DATA; Schema: public; Owner: -
--

COPY public.bill_items (id, "billId", "itemType", "itemCode", "itemName", description, quantity, "unitPrice", "totalPrice", "taxRate", "taxAmount", "discountRate", "discountAmount", "serviceId", "examinationId", "createdAt", "updatedAt") FROM stdin;
\.


--
-- Data for Name: icd11_codes; Type: TABLE DATA; Schema: public; Owner: -
--

COPY public.icd11_codes (id, "foundationId", code, title, definition, chapter, "isEyeRelated", "ophthalmologyCategory", "inclusionTerms", "exclusionTerms", "isActive", "createdAt", "updatedAt") FROM stdin;
\.


--
-- Data for Name: diseases; Type: TABLE DATA; Schema: public; Owner: -
--

COPY public.diseases (id, "icd11CodeId", "diseaseName", "commonNames", "ophthalmologyCategory", "affectedStructure", "eyeAffected", symptoms, signs, "diagnosticCriteria", "treatmentProtocols", "surgicalOptions", prognosis, "visualImpactLevel", "urgencyLevel", "isChronic", "requiresSurgery", "affectsVision", "createdAt", "updatedAt") FROM stdin;
\.


--
-- Data for Name: examination_templates; Type: TABLE DATA; Schema: public; Owner: -
--

COPY public.examination_templates (id, "templateName", "examinationType", "ophthalmologyType", "requiredEquipment", "templateStructure", "formFields", "normalRanges", "visualAcuitySection", "refractionSection", "slitLampSection", "fundoscopySection", "iopSection", "visualFieldSection", version, "isActive", "createdBy", "createdAt", "updatedAt") FROM stdin;
\.


--
-- Data for Name: examinations; Type: TABLE DATA; Schema: public; Owner: -
--

COPY public.examinations (id, "visitId", "templateId", "doctorId", "examinationType", "examinationDate", "vitalSigns", "visualAcuity", refraction, "intraocularPressure", "slitLampFindings", "fundoscopyFindings", "visualFieldResults", "colorVisionTest", "octFindings", "fundusPhotography", "fluoresceinAngiography", ultrasonography, "clinicalImpressions", assessment, "treatmentPlan", images, reports, "followUpRequired", "followUpDate", status, "createdAt", "updatedAt") FROM stdin;
\.


--
-- Data for Name: ophthalmologist_examinations; Type: TABLE DATA; Schema: public; Owner: -
--

COPY public.ophthalmologist_examinations (id, "patientVisitId", "doctorId", "examinationSequence", "visualAcuity", refraction, tonometry, "additionalTests", "clinicalDetails", "clinicalNotes", "preliminaryDiagnosis", "assignedDoctor", "urgencyLevel", "additionalOrders", "knownAllergies", "ucvaOD", "ucvaOS", "bcvaOD", "bcvaOS", "refractionSphereOD", "refractionCylinderOD", "refractionAxisOD", "refractionSphereOS", "refractionCylinderOS", "refractionAxisOS", "iopOD", "iopOS", "iopMethod", "colorVision", "pupilReaction", "eyeAlignment", "anteriorSegment", "additionalNotes", "proceedToDoctor", "requiresDilation", "additionalTestsLegacy", "examinationStatus", "completedAt", "receptionist2Reviewed", "receptionist2ReviewedAt", "receptionist2ReviewedBy", "receptionist2Notes", "distanceOD", "distanceOS", "distanceBinocular", "nearOD", "nearOS", "nearBinocular", "refractionAddOD", "refractionAddOS", "refractionPD", "extraocularMovements", "coverTest", "k1OD", "k1OS", "k2OD", "k2OS", "flatAxisOD", "flatAxisOS", "acdOD", "acdOS", "axlOD", "axlOS", "iolPowerPlannedOD", "iolPowerPlannedOS", "iolImplantedOD", "iolImplantedOS", "anyOtherDetailsOD", "anyOtherDetailsOS", "eyelidsOD", "eyelidsOS", "conjunctivaOD", "conjunctivaOS", "corneaOD", "corneaOS", "lensOD", "lensOS", "examinationNotes", "additionalTestsOrdered", "followUpPeriod", "followUpDays", "slitLampFindings", "fundoscopyFindings", "visualFieldResults", "octFindings", "fundusPhotography", "angiographyFindings", ultrasonography, "clinicalImpressions", assessment, "treatmentPlan", "surgeryRecommended", "surgeryType", "followUpRequired", "followUpDate", "followUpInstructions", "createdAt", "updatedAt") FROM stdin;
cmhn9jbcu0001lhconh88ntr3	cmhn3w3tz000wlhg4mwx6yteg	cmhn157vr00037km0gv0ixhzn	1	"{\\"distance\\":{\\"rightEye\\":\\"6/36\\",\\"leftEye\\":\\"6/36\\",\\"binocular\\":\\"6/9\\"},\\"near\\":{\\"rightEye\\":\\"N12\\",\\"leftEye\\":\\"N12\\",\\"binocular\\":\\"N12\\"}}"	"{\\"sphere\\":{\\"rightEye\\":24,\\"leftEye\\":32},\\"cylinder\\":{\\"rightEye\\":234,\\"leftEye\\":32},\\"axis\\":{\\"rightEye\\":31,\\"leftEye\\":134},\\"add\\":{\\"rightEye\\":null,\\"leftEye\\":null},\\"pd\\":null}"	"{\\"iop\\":{\\"rightEye\\":43,\\"leftEye\\":13},\\"method\\":\\"perkins\\"}"	"{\\"pupilReaction\\":\\"sluggish\\",\\"colorVision\\":\\"red-green-deficiency\\",\\"eyeAlignment\\":\\"normal\\",\\"extraocularMovements\\":\\"full\\",\\"coverTest\\":\\"orthophoric\\"}"	"{\\"notes\\":\\"depopulo umbra aegrotatio\\",\\"diagnosis\\":\\"diabetic-retinopathy\\"}"	depopulo umbra aegrotatio	diabetic-retinopathy	cmhn157vr00037km0gv0ixhzn	\N	"{\\"oct\\":false,\\"visualField\\":true,\\"fundusPhotography\\":true,\\"angiography\\":true,\\"other\\":\\"defetiscor villa valetudo\\"}"	null	6/36	6/36	N12	N12	24	234	31	32	32	134	43	13	perkins	red-green-deficiency	sluggish	normal	"{\\"eyelids\\":{\\"rightEye\\":\\"normal\\",\\"leftEye\\":\\"normal\\"},\\"conjunctiva\\":{\\"rightEye\\":\\"mass\\",\\"leftEye\\":\\"normal\\"},\\"cornea\\":{\\"rightEye\\":\\"hazy\\",\\"leftEye\\":\\"clear\\"},\\"lens\\":{\\"rightEye\\":\\"normal\\",\\"leftEye\\":\\"normal\\"}}"	tepesco aperiam temptatio	t	f	null	completed	2025-11-06 10:09:56.372	f	\N	\N	\N	6/36	6/36	6/9	N12	N12	N12	\N	\N	\N	full	orthophoric	certus appello color	defessus caritas suus	constans antea valens	crux ancilla tutamen	crux ancilla tutamen	asporto adfectus colo	crux ancilla tutamen	occaecati commodo velociter	certus appello color	voluptatum aspicio vulgus	sol capillus nulla	certus appello color	video virgo deludo	video virgo deludo	peior somnus suus	cunabula tego sufficio	normal	normal	mass	normal	hazy	clear	normal	normal	tepesco aperiam temptatio	"{\\"oct\\":false,\\"visualField\\":true,\\"fundusPhotography\\":true,\\"angiography\\":true,\\"other\\":\\"defetiscor villa valetudo\\"}"	3_months	\N	\N	\N	\N	\N	\N	\N	\N	\N	\N	\N	t	\N	t	2026-02-04 10:05:29.326	\N	2025-11-06 10:07:29.596	2025-11-06 10:09:56.376
cmhof1m310006lhncdt72e82l	cmhn3qvo40004lhg4rhwjayd3	cmhn157vr00037km0gv0ixhzn	1	"{\\"distance\\":{\\"rightEye\\":\\"6/36\\",\\"leftEye\\":\\"6/36\\",\\"binocular\\":\\"6/9\\"},\\"near\\":{\\"rightEye\\":\\"N12\\",\\"leftEye\\":\\"N12\\",\\"binocular\\":\\"N12\\"}}"	"{\\"sphere\\":{\\"rightEye\\":24,\\"leftEye\\":32},\\"cylinder\\":{\\"rightEye\\":234,\\"leftEye\\":32},\\"axis\\":{\\"rightEye\\":31,\\"leftEye\\":134},\\"add\\":{\\"rightEye\\":null,\\"leftEye\\":null},\\"pd\\":null}"	"{\\"iop\\":{\\"rightEye\\":32,\\"leftEye\\":21},\\"method\\":\\"nctonometry\\"}"	"{\\"pupilReaction\\":\\"sluggish\\",\\"colorVision\\":\\"red-green-deficiency\\",\\"eyeAlignment\\":\\"normal\\",\\"extraocularMovements\\":\\"full\\",\\"coverTest\\":\\"orthophoric\\"}"	"{\\"notes\\":\\"trepide incidunt subiungo\\",\\"diagnosis\\":\\"diabetic-retinopathy\\"}"	trepide incidunt subiungo	diabetic-retinopathy	cmhn157vr00037km0gv0ixhzn	\N	"{\\"oct\\":false,\\"visualField\\":true,\\"fundusPhotography\\":true,\\"angiography\\":true,\\"other\\":\\"\\"}"	null	6/36	6/36	N12	N12	24	234	31	32	32	134	32	21	nctonometry	red-green-deficiency	sluggish	normal	"{\\"eyelids\\":{\\"rightEye\\":\\"normal\\",\\"leftEye\\":\\"normal\\"},\\"conjunctiva\\":{\\"rightEye\\":\\"congestion\\",\\"leftEye\\":\\"normal\\"},\\"cornea\\":{\\"rightEye\\":\\"clear\\",\\"leftEye\\":\\"clear\\"},\\"lens\\":{\\"rightEye\\":\\"abnormal\\",\\"leftEye\\":\\"normal\\"}}"	urbanus victoria venia	t	f	null	completed	2025-11-07 05:29:27.563	f	\N	\N	\N	6/36	6/36	6/9	N12	N12	N12	\N	\N	\N	full	orthophoric	1	3	demens canis utpote	cerno suggero creator	cerno suggero creator	aut confugo culpa	supplanto auditor animus	ex theca vita	demens canis utpote	tergeo urbs curvo	aggredior cupressus aveho	supplanto auditor animus	creber convoco tui	supplanto auditor animus	tergeo urbs curvo	tergeo urbs curvo	normal	normal	congestion	normal	clear	clear	abnormal	normal	urbanus victoria venia	"{\\"oct\\":false,\\"visualField\\":true,\\"fundusPhotography\\":true,\\"angiography\\":true,\\"other\\":\\"\\"}"	1_month	\N	\N	\N	\N	\N	\N	\N	\N	\N	\N	\N	t	\N	t	2025-12-07 05:29:23.785	\N	2025-11-07 05:29:27.565	2025-11-07 05:29:27.565
cmhof2me90008lhncumps44or	cmhn3vehd000ilhg4j7ozpz3m	cmhn157vr00037km0gv0ixhzn	1	"{\\"distance\\":{\\"rightEye\\":\\"6/36\\",\\"leftEye\\":\\"6/36\\",\\"binocular\\":\\"6/9\\"},\\"near\\":{\\"rightEye\\":\\"N12\\",\\"leftEye\\":\\"N12\\",\\"binocular\\":\\"N12\\"}}"	"{\\"sphere\\":{\\"rightEye\\":22,\\"leftEye\\":21},\\"cylinder\\":{\\"rightEye\\":50,\\"leftEye\\":58},\\"axis\\":{\\"rightEye\\":71,\\"leftEye\\":21},\\"add\\":{\\"rightEye\\":4,\\"leftEye\\":21},\\"pd\\":25}"	"{\\"iop\\":{\\"rightEye\\":39,\\"leftEye\\":48},\\"method\\":\\"nctonometry\\"}"	"{\\"pupilReaction\\":\\"fixed\\",\\"colorVision\\":\\"red-green-deficiency\\",\\"eyeAlignment\\":\\"normal\\",\\"extraocularMovements\\":\\"full\\",\\"coverTest\\":\\"orthophoric\\"}"	"{\\"notes\\":\\"nulla sumptus sto\\",\\"diagnosis\\":\\"normal\\"}"	nulla sumptus sto	normal	cmhn157vr00037km0gv0ixhzn	\N	"{\\"oct\\":false,\\"visualField\\":false,\\"fundusPhotography\\":false,\\"angiography\\":false,\\"other\\":\\"\\"}"	null	6/36	6/36	N12	N12	22	50	71	21	58	21	39	48	nctonometry	red-green-deficiency	fixed	normal	"{\\"eyelids\\":{\\"rightEye\\":\\"normal\\",\\"leftEye\\":\\"normal\\"},\\"conjunctiva\\":{\\"rightEye\\":\\"mass\\",\\"leftEye\\":\\"normal\\"},\\"cornea\\":{\\"rightEye\\":\\"hazy\\",\\"leftEye\\":\\"clear\\"},\\"lens\\":{\\"rightEye\\":\\"normal\\",\\"leftEye\\":\\"normal\\"}}"	perferendis appono spargo	t	f	null	completed	2025-11-07 05:30:14.622	f	\N	\N	\N	6/36	6/36	6/9	N12	N12	N12	4	21	25	full	orthophoric	nulla sumptus sto	omnis strenuus sortitus	acquiro veniam caecus	quidem textilis deorsum	omnis strenuus sortitus	testimonium velit copia	turpis denique molestias	nulla sumptus sto	aiunt temperantia attero	vivo infit defluo	omnis strenuus sortitus	caelum ubi angustus	quidem textilis deorsum	quidem textilis deorsum	maiores vero tremo	comes comprehendo acceptus	normal	normal	mass	normal	hazy	clear	normal	normal	perferendis appono spargo	"{\\"oct\\":false,\\"visualField\\":false,\\"fundusPhotography\\":false,\\"angiography\\":false,\\"other\\":\\"\\"}"	\N	\N	\N	\N	\N	\N	\N	\N	\N	\N	\N	\N	f	\N	f	\N	\N	2025-11-07 05:30:14.625	2025-11-07 05:30:14.625
cmhokuksc002rlhncl43pcj1o	cmhogxq1i000clhncogssvcj9	cmhn157vr00037km0gv0ixhzn	1	"{\\"distance\\":{\\"rightEye\\":\\"CF\\",\\"leftEye\\":\\"CF\\",\\"binocular\\":\\"6/6\\"},\\"near\\":{\\"rightEye\\":\\"N14\\",\\"leftEye\\":\\"N14\\",\\"binocular\\":\\"N14\\"}}"	"{\\"sphere\\":{\\"rightEye\\":32,\\"leftEye\\":232},\\"cylinder\\":{\\"rightEye\\":323,\\"leftEye\\":32},\\"axis\\":{\\"rightEye\\":32,\\"leftEye\\":3},\\"add\\":{\\"rightEye\\":null,\\"leftEye\\":null},\\"pd\\":null}"	"{\\"iop\\":{\\"rightEye\\":43,\\"leftEye\\":43},\\"method\\":\\"nctonometry\\"}"	"{\\"pupilReaction\\":\\"fixed\\",\\"colorVision\\":\\"blue-yellow-deficiency\\",\\"eyeAlignment\\":\\"normal\\",\\"extraocularMovements\\":\\"full\\",\\"coverTest\\":\\"orthophoric\\"}"	"{\\"notes\\":\\"asfsafeasfdddddddasssssssssssss\\",\\"diagnosis\\":\\"refractive-error\\"}"	asfsafeasfdddddddasssssssssssss	refractive-error	cmhn157vr00037km0gv0ixhzn	\N	"{\\"oct\\":false,\\"visualField\\":true,\\"fundusPhotography\\":true,\\"angiography\\":true,\\"other\\":\\"\\"}"	null	CF	CF	N14	N14	32	323	32	232	32	3	43	43	nctonometry	blue-yellow-deficiency	fixed	normal	"{\\"eyelids\\":{\\"rightEye\\":\\"abnormal\\",\\"leftEye\\":\\"normal\\"},\\"conjunctiva\\":{\\"rightEye\\":\\"congestion\\",\\"leftEye\\":\\"normal\\"},\\"cornea\\":{\\"rightEye\\":\\"hazy\\",\\"leftEye\\":\\"clear\\"},\\"lens\\":{\\"rightEye\\":\\"abnormal\\",\\"leftEye\\":\\"normal\\"}}"	asfsdfsdfsdfsdf	t	f	null	completed	2025-11-07 08:11:56.983	f	\N	\N	\N	CF	CF	6/6	N14	N14	N14	\N	\N	\N	full	orthophoric	34	343	33	33	33	33	33	333	33	3	333	333	33	33	ggsfdddddd	dsfggggggggg	abnormal	normal	congestion	normal	hazy	clear	abnormal	normal	asfsdfsdfsdfsdf	"{\\"oct\\":false,\\"visualField\\":true,\\"fundusPhotography\\":true,\\"angiography\\":true,\\"other\\":\\"\\"}"	\N	\N	\N	\N	\N	\N	\N	\N	\N	\N	\N	\N	f	\N	f	\N	\N	2025-11-07 08:11:56.986	2025-11-07 08:11:56.986
\.


--
-- Data for Name: diagnoses; Type: TABLE DATA; Schema: public; Owner: -
--

COPY public.diagnoses (id, "visitId", "examinationId", "ophthalmologistExaminationId", "diseaseId", "doctorId", "diagnosisType", "diagnosisDate", "confidenceLevel", "eyeAffected", "visualImpact", severity, stage, "onsetDate", progression, "diagnosticEvidence", "supportingFindings", "treatmentRecommended", "surgeryRequired", "urgencyLevel", "isPrimary", billable, notes, "createdAt", "updatedAt") FROM stdin;
\.


--
-- Data for Name: digital_register_definitions; Type: TABLE DATA; Schema: public; Owner: -
--

COPY public.digital_register_definitions (id, name, description, "isActive", "createdBy", "createdAt", "updatedAt") FROM stdin;
cmhozet5800047kvclxhpm7hy	Digital REgister	regggg	t	cmhn157z300047km0x8j865ec	2025-11-07 14:59:35.564	2025-11-07 14:59:35.564
\.


--
-- Data for Name: digital_register_columns; Type: TABLE DATA; Schema: public; Owner: -
--

COPY public.digital_register_columns (id, "registerId", "columnName", "columnType", "isRequired", "displayOrder", "createdAt", "updatedAt", "maxLength", "maxValue", "minLength", "minValue", pattern) FROM stdin;
cmhozet5800057kvcirr40fmz	cmhozet5800047kvclxhpm7hy	name	TEXT	f	0	2025-11-07 14:59:35.564	2025-11-07 14:59:35.564	\N	\N	\N	\N	\N
cmhozet5800067kvcnhl1iuok	cmhozet5800047kvclxhpm7hy	number	NUMBER	f	1	2025-11-07 14:59:35.564	2025-11-07 14:59:35.564	\N	\N	\N	\N	\N
cmhozet5800077kvcq1rxpl52	cmhozet5800047kvclxhpm7hy	Date	DATE	f	2	2025-11-07 14:59:35.564	2025-11-07 14:59:35.564	\N	\N	\N	\N	\N
cmhozet5800087kvcl6n2b7kl	cmhozet5800047kvclxhpm7hy	Time	TIME	f	3	2025-11-07 14:59:35.564	2025-11-07 14:59:35.564	\N	\N	\N	\N	\N
cmhozet5800097kvc6ocezf0z	cmhozet5800047kvclxhpm7hy	DateTime	DATETIME	f	4	2025-11-07 14:59:35.564	2025-11-07 14:59:35.564	\N	\N	\N	\N	\N
cmhozet58000a7kvc690j5yra	cmhozet5800047kvclxhpm7hy	Image	IMAGE	f	5	2025-11-07 14:59:35.564	2025-11-07 14:59:35.564	\N	\N	\N	\N	\N
cmhozet58000b7kvcz7ruix9x	cmhozet5800047kvclxhpm7hy	Email	EMAIL	f	6	2025-11-07 14:59:35.564	2025-11-07 14:59:35.564	\N	\N	\N	\N	\N
cmhozet58000c7kvcnwpnawwr	cmhozet5800047kvclxhpm7hy	Mobile	MOBILE	f	7	2025-11-07 14:59:35.564	2025-11-07 14:59:35.564	\N	\N	\N	\N	\N
\.


--
-- Data for Name: digital_register_records; Type: TABLE DATA; Schema: public; Owner: -
--

COPY public.digital_register_records (id, "registerId", "createdBy", "createdAt", "updatedAt") FROM stdin;
cmhozg5t5000e7kvc87dka6ht	cmhozet5800047kvclxhpm7hy	cmhn157z300047km0x8j865ec	2025-11-07 15:00:38.633	2025-11-07 15:00:38.633
\.


--
-- Data for Name: digital_register_values; Type: TABLE DATA; Schema: public; Owner: -
--

COPY public.digital_register_values (id, "recordId", "columnId", "textValue", "numberValue", "dateValue", "imageValue", "createdAt", "updatedAt") FROM stdin;
cmhozg5t5000g7kvce85o5f6d	cmhozg5t5000e7kvc87dka6ht	cmhozet5800057kvcirr40fmz	nameee	\N	\N	\N	2025-11-07 15:00:38.633	2025-11-07 15:00:38.633
cmhozg5t5000h7kvc8q96ffj4	cmhozg5t5000e7kvc87dka6ht	cmhozet5800067kvcnhl1iuok	\N	7676767678999	\N	\N	2025-11-07 15:00:38.633	2025-11-07 15:00:38.633
cmhozg5t5000i7kvc0p7pdy8x	cmhozg5t5000e7kvc87dka6ht	cmhozet5800077kvcq1rxpl52	\N	\N	2025-11-21 00:00:00	\N	2025-11-07 15:00:38.633	2025-11-07 15:00:38.633
cmhozg5t5000j7kvc6kq30zv1	cmhozg5t5000e7kvc87dka6ht	cmhozet5800087kvcl6n2b7kl	21:29	\N	\N	\N	2025-11-07 15:00:38.633	2025-11-07 15:00:38.633
cmhozg5t5000k7kvc5xkljliq	cmhozg5t5000e7kvc87dka6ht	cmhozet5800097kvc6ocezf0z	\N	\N	2025-11-06 15:00:00	\N	2025-11-07 15:00:38.633	2025-11-07 15:00:38.633
cmhozg5t5000l7kvcagnsm7az	cmhozg5t5000e7kvc87dka6ht	cmhozet58000b7kvcz7ruix9x	gmailabjh@gmail.com	\N	\N	\N	2025-11-07 15:00:38.633	2025-11-07 15:00:38.633
cmhozg5t5000m7kvcd1v89zy0	cmhozg5t5000e7kvc87dka6ht	cmhozet58000c7kvcnwpnawwr	9876543234	\N	\N	\N	2025-11-07 15:00:38.633	2025-11-07 15:00:38.633
cmhozg5t5000n7kvcbj532cva	cmhozg5t5000e7kvc87dka6ht	cmhozet58000a7kvc690j5yra	\N	\N	\N	/uploads/digital-registers/1762527638564-419277290.png	2025-11-07 15:00:38.633	2025-11-07 15:00:38.633
\.


--
-- Data for Name: dosage_schedules; Type: TABLE DATA; Schema: public; Owner: -
--

COPY public.dosage_schedules (id, name, "isActive", "createdAt", "updatedAt") FROM stdin;
cmhn9dhkx001hlhcwnuygpqbh	Once Daily (OD)	t	2025-11-06 10:02:57.729	2025-11-06 10:02:57.729
cmhn9di28001ilhcwlngclxcx	Twice Daily (BD)	t	2025-11-06 10:02:58.352	2025-11-06 10:02:58.352
cmhn9diaj001jlhcwejbzfkuw	Three Times Daily (TDS)	t	2025-11-06 10:02:58.651	2025-11-06 10:02:58.651
cmhn9dibj001klhcwoc9q7vh8	Four Times Daily (QID)	t	2025-11-06 10:02:58.687	2025-11-06 10:02:58.687
cmhn9dicj001llhcwcas27uzi	Every 2 Hours	t	2025-11-06 10:02:58.723	2025-11-06 10:02:58.723
cmhn9didf001mlhcwoo7hlx79	Every 4 Hours	t	2025-11-06 10:02:58.756	2025-11-06 10:02:58.756
cmhn9dieb001nlhcw88jthj1a	Every 6 Hours	t	2025-11-06 10:02:58.788	2025-11-06 10:02:58.788
cmhn9div0001olhcwh7wuxobp	At Bedtime (HS)	t	2025-11-06 10:02:59.388	2025-11-06 10:02:59.388
cmhn9divw001plhcwh724tbgm	As Needed (PRN)	t	2025-11-06 10:02:59.421	2025-11-06 10:02:59.421
cmhn9dj40001qlhcwnea7fgzi	Before Meals	t	2025-11-06 10:02:59.712	2025-11-06 10:02:59.712
cmhn9dj4y001rlhcwpsm7awdu	After Meals	t	2025-11-06 10:02:59.746	2025-11-06 10:02:59.746
cmhn9dj5u001slhcwr5ayxdpm	Morning Only	t	2025-11-06 10:02:59.779	2025-11-06 10:02:59.779
cmhn9djdq001tlhcw15khlt60	Evening Only	t	2025-11-06 10:03:00.063	2025-11-06 10:03:00.063
cmhn9djek001ulhcw12fmp82v	Twice Weekly	t	2025-11-06 10:03:00.092	2025-11-06 10:03:00.092
cmhn9djmu001vlhcwg8yo3ki4	Once Weekly	t	2025-11-06 10:03:00.384	2025-11-06 10:03:00.384
\.


--
-- Data for Name: drug_groups; Type: TABLE DATA; Schema: public; Owner: -
--

COPY public.drug_groups (id, name, "isActive", "createdAt", "updatedAt") FROM stdin;
cmhn9dej90011lhcw8ae4l9un	Beta Blockers	t	2025-11-06 10:02:53.781	2025-11-06 10:02:53.781
cmhn9del60012lhcw125gm9tb	Prostaglandin Analogues	t	2025-11-06 10:02:53.85	2025-11-06 10:02:53.85
cmhn9dfgv0013lhcwv0scw3iy	Alpha Agonists	t	2025-11-06 10:02:54.992	2025-11-06 10:02:54.992
cmhn9dfhs0014lhcwmpw9teh6	Carbonic Anhydrase Inhibitors	t	2025-11-06 10:02:55.025	2025-11-06 10:02:55.025
cmhn9dg4y0015lhcwofuw6neh	Mydriatics	t	2025-11-06 10:02:55.859	2025-11-06 10:02:55.859
cmhn9dg620016lhcw1jtfklx9	Cycloplegics	t	2025-11-06 10:02:55.898	2025-11-06 10:02:55.898
cmhn9dg720017lhcw699euzfj	Corticosteroids	t	2025-11-06 10:02:55.935	2025-11-06 10:02:55.935
cmhn9dg7z0018lhcwkgb9kisr	Antibiotics	t	2025-11-06 10:02:55.968	2025-11-06 10:02:55.968
cmhn9dgev0019lhcwr8oosokz	NSAIDs (Non-Steroidal Anti-Inflammatory)	t	2025-11-06 10:02:56.215	2025-11-06 10:02:56.215
cmhn9dh19001alhcw4ldi3wk3	Artificial Tears	t	2025-11-06 10:02:57.022	2025-11-06 10:02:57.022
cmhn9dh28001blhcwlrecf6n9	Antiglaucoma Agents	t	2025-11-06 10:02:57.056	2025-11-06 10:02:57.056
cmhn9dh98001clhcwk4dcvshh	Antihistamines	t	2025-11-06 10:02:57.308	2025-11-06 10:02:57.308
cmhn9dha3001dlhcwp8t08sld	Mast Cell Stabilizers	t	2025-11-06 10:02:57.339	2025-11-06 10:02:57.339
cmhn9dhi1001elhcwe9f9ju1k	Decongestants	t	2025-11-06 10:02:57.625	2025-11-06 10:02:57.625
cmhn9dhix001flhcwd6gocfre	Antiviral	t	2025-11-06 10:02:57.658	2025-11-06 10:02:57.658
cmhn9dhjw001glhcwb5o66an3	Antifungal	t	2025-11-06 10:02:57.693	2025-11-06 10:02:57.693
\.


--
-- Data for Name: emergency_register; Type: TABLE DATA; Schema: public; Owner: -
--

COPY public.emergency_register (id, "srNo", date, "time", "patientName", age, sex, "prnNo", "ipdNo", complaints, "treatmentGiven", "mlcYesNo", "mlcNo", "doctorSign", "staffSign", "createdAt", "updatedAt", "createdBy") FROM stdin;
cmhm6zylr00017khkqmctcx5w	1	2025-11-05 00:00:00	10:00	patient emergency	28	Male	prn02928	23	na	na	Yes				2025-11-05 16:08:41.199	2025-11-05 16:08:41.199	cmhm2mphl00007kioks3r4zvn
cmhm74cfq00027khkaita8w0m	2	2025-11-05 00:00:00	10:00	hhh	45	Male	prn02922	234			Yes	563			2025-11-05 16:12:05.75	2025-11-05 16:12:05.75	cmhm2mphl00007kioks3r4zvn
\.


--
-- Data for Name: equipment_stock_register; Type: TABLE DATA; Schema: public; Owner: -
--

COPY public.equipment_stock_register (id, "srNo", "medicineName", "dailyStock", month, year, "createdAt", "updatedAt", "createdBy") FROM stdin;
cmhm1x75b00017kwc579crzgf	2	Adrenaline	{"1": 20, "2": 18, "4": 17}	11	2024	2025-11-05 13:46:34.224	2025-11-05 13:46:34.224	\N
cmhm1x75n00027kwciv2ay4ra	3	Lignocaine 2%	{"1": 30, "2": 28, "4": 27}	11	2024	2025-11-05 13:46:34.235	2025-11-05 13:46:34.235	\N
cmhm1x73o00007kwcy7gigkwj	1	Atropine Sulphate	{"1": 10, "2": 12, "4": 15, "5": 14}	11	2024	2025-11-05 13:46:34.164	2025-11-05 13:46:34.268	\N
cmhm4v6sq00007kroljyfo42y	1	medicine1	{"1": "1", "2": "0", "3": "", "4": "", "5": "2", "6": "", "8": ""}	11	2025	2025-11-05 15:08:59.298	2025-11-05 16:55:10.456	cmhm2mphl00007kioks3r4zvn
\.


--
-- Data for Name: eto_register; Type: TABLE DATA; Schema: public; Owner: -
--

COPY public.eto_register (id, date, "nameOfItem", batch, "loadNo", "chargeInTime", "switchOff", "otInHrs", "indicatorSlnp", "biSeparate", "yesNo", "passedFailed", "integratedStnp", "signCssd", "signIdd", "createdAt", "updatedAt", "createdBy") FROM stdin;
cmhm5en7g00017krokpa97lb8	2025-11-05 00:00:00	Item1	bactch01	Load01	11:11	16:00	2			Yes	Passed		signed 	signed	2025-11-05 15:24:07.029	2025-11-05 15:24:07.029	cmhm2mphl00007kioks3r4zvn
cmhm8punq00017kgw9jkp01fe	2025-11-05 00:00:00	nnn	hjj	fdf4545	12:00	20:00	7			Yes	Passed				2025-11-05 16:56:48.748	2025-11-05 16:56:48.748	cmhm2mphl00007kioks3r4zvn
cmhsvfvlv0000lh0glon0xut5	2025-11-10 00:00:00	fewasdasdf	asdfasfdafd				2223	asdfasdfa	232323	No			asfasdf	sadfasfdasdfasdfsda	2025-11-10 08:19:31.642	2025-11-10 08:19:31.642	cmhn157z300047km0x8j865ec
\.


--
-- Data for Name: fridge_stock_medicines_register; Type: TABLE DATA; Schema: public; Owner: -
--

COPY public.fridge_stock_medicines_register (id, "srNo", "nameOfInjection", "expectedStock", "entryDate", "createdAt", "updatedAt", "createdBy") FROM stdin;
cmhm61ggv00007ktojehmdeh1	1	Injection1	-15	2025-11-05 00:00:00	2025-11-05 15:41:51.392	2025-11-05 15:41:51.392	cmhm2mphl00007kioks3r4zvn
cmhm6ykoa00007khkp8tuqtlq	2	fridge stock1	11	2025-11-05 16:07:36.488	2025-11-05 16:07:36.49	2025-11-05 16:07:36.49	cmhm2mphl00007kioks3r4zvn
\.


--
-- Data for Name: generic_medicines; Type: TABLE DATA; Schema: public; Owner: -
--

COPY public.generic_medicines (id, name, "isActive", "createdAt", "updatedAt") FROM stdin;
cmhn9d9t00007lhcwfvp9uw7s	Timolol	t	2025-11-06 10:02:47.653	2025-11-06 10:02:47.653
cmhn9da2p0008lhcw0zzde5pt	Latanoprost	t	2025-11-06 10:02:48.001	2025-11-06 10:02:48.001
cmhn9daho0009lhcwjszi539f	Brimonidine	t	2025-11-06 10:02:48.54	2025-11-06 10:02:48.54
cmhn9daqi000alhcwck0ut742	Dorzolamide	t	2025-11-06 10:02:48.858	2025-11-06 10:02:48.858
cmhn9das0000blhcwsehpde5o	Brinzolamide	t	2025-11-06 10:02:48.912	2025-11-06 10:02:48.912
cmhn9db73000clhcwiq0nywrg	Travoprost	t	2025-11-06 10:02:49.456	2025-11-06 10:02:49.456
cmhn9db8g000dlhcwrlsqoh7j	Bimatoprost	t	2025-11-06 10:02:49.505	2025-11-06 10:02:49.505
cmhn9db9m000elhcwutl81gr9	Tropicamide	t	2025-11-06 10:02:49.547	2025-11-06 10:02:49.547
cmhn9dbap000flhcwglzyne9t	Phenylephrine	t	2025-11-06 10:02:49.585	2025-11-06 10:02:49.585
cmhn9dbbn000glhcwtjj6ny3m	Cyclopentolate	t	2025-11-06 10:02:49.62	2025-11-06 10:02:49.62
cmhn9dbkd000hlhcw5ry0uvnv	Atropine	t	2025-11-06 10:02:49.934	2025-11-06 10:02:49.934
cmhn9dblc000ilhcw8crs8j2a	Homatropine	t	2025-11-06 10:02:49.969	2025-11-06 10:02:49.969
cmhn9dbtc000jlhcw5jxnw20s	Prednisolone	t	2025-11-06 10:02:50.256	2025-11-06 10:02:50.256
cmhn9dc7q000klhcw8k673ay2	Dexamethasone	t	2025-11-06 10:02:50.774	2025-11-06 10:02:50.774
cmhn9dc8l000llhcwuikbnjqh	Fluorometholone	t	2025-11-06 10:02:50.806	2025-11-06 10:02:50.806
cmhn9dc9m000mlhcwng4wle57	Loteprednol	t	2025-11-06 10:02:50.843	2025-11-06 10:02:50.843
cmhn9dcqo000nlhcw55ijc000	Moxifloxacin	t	2025-11-06 10:02:51.456	2025-11-06 10:02:51.456
cmhn9dcrm000olhcwk9302x6z	Gatifloxacin	t	2025-11-06 10:02:51.491	2025-11-06 10:02:51.491
cmhn9dczq000plhcwrrwytfk0	Ofloxacin	t	2025-11-06 10:02:51.782	2025-11-06 10:02:51.782
cmhn9dd80000qlhcwf7x5t9af	Ciprofloxacin	t	2025-11-06 10:02:52.08	2025-11-06 10:02:52.08
cmhn9dd90000rlhcwu71v11sv	Tobramycin	t	2025-11-06 10:02:52.116	2025-11-06 10:02:52.116
cmhn9ddhg000slhcwxsnnrp7x	Gentamicin	t	2025-11-06 10:02:52.42	2025-11-06 10:02:52.42
cmhn9ddij000tlhcwi2p9uo24	Chloramphenicol	t	2025-11-06 10:02:52.459	2025-11-06 10:02:52.459
cmhn9ddjj000ulhcw54kwo00d	Ketorolac	t	2025-11-06 10:02:52.495	2025-11-06 10:02:52.495
cmhn9ddkf000vlhcwf5yy373n	Diclofenac	t	2025-11-06 10:02:52.527	2025-11-06 10:02:52.527
cmhn9ddl9000wlhcw8utowiq7	Nepafenac	t	2025-11-06 10:02:52.558	2025-11-06 10:02:52.558
cmhn9ddt8000xlhcwpxtnqc8t	Carboxymethylcellulose	t	2025-11-06 10:02:52.845	2025-11-06 10:02:52.845
cmhn9ddu6000ylhcwlksnhrgp	Hypromellose	t	2025-11-06 10:02:52.878	2025-11-06 10:02:52.878
cmhn9de29000zlhcwod19jduk	Polyethylene Glycol	t	2025-11-06 10:02:53.169	2025-11-06 10:02:53.169
cmhn9dear0010lhcwptp5e1uo	Sodium Hyaluronate	t	2025-11-06 10:02:53.476	2025-11-06 10:02:53.476
\.


--
-- Data for Name: letterhead_templates; Type: TABLE DATA; Schema: public; Owner: -
--

COPY public.letterhead_templates (id, name, description, elements, "pageSettings", "isDefault", "isActive", "createdBy", "createdAt", "updatedAt") FROM stdin;
cmhopypaq0000tzrovsfpsxvc	tp		[{"x": 1, "y": -15, "id": "element-1762511490477", "type": "logo", "align": "left", "color": "#000000", "width": 671, "height": 201.6666564941406, "content": "data:image/png;base64,iVBORw0KGgoAAAANSUhEUgAAAsgAAACvCAYAAADgxSi9AAAAAXNSR0IArs4c6QAAAARnQU1BAACxjwv8YQUAAAAJcEhZcwAAFiUAABYlAUlSJPAAAP+lSURBVHhe7P13mCVHdtiJ/k5EZl5T3rv2Ho1uNBrAwA0GA4yj0fBRpCiKu1qap0/USvveamVoVtRyRWn37Xu7enqSdrUrL1HUJ+2SEinameGQ4wdjMAM38EA32puqrury12VGnPdH5L11u7q6gZlB9wwG+euvurvSREZGREacOHHiHDlzZkWNCIjHe4cxgohBFVBQVVQ9iCDQ+Vdp/wUI4Vx+RtvHw+V0Lm2fyNPwqmh+zIggxnTSVtVwfScBzdPvJHHN7149tC/vymNIpyuPeXrXHBehfYeq5oflmkeHfGrI43Xphwe/lePeua5jXc/MC9Tk6bfppEXIZzvdTnl2pb9RHnk53wARQQnvf0064WS4KH/mt0rIKxt52aLOZasyax9vl5f3G23EmLzMQrreK5LXX/e7t9PaKJet6TzzmnLcXCftfAKEcuvkE0HMTcpLJJSx+s7v7ffa+Ct/bieZjbYgEr6JcGxzPsO1/rrjm/PY9Xf+nHCL36ifrjSvoetYXqp52RjURxhJEAOqTRwtWiJUIkvsyqg2yQCnCZgm4ioQrQOhLLrrTdXjvQcMQt7+O2WnaLssRBBp181GW6FTbgqSIcQYKWOMJcuaqDpAMFgimyECzZbDuRYlU8YAzqRoZPEYTGYwYkC60m23p/b32ZU3ulofeRsXuGF/1p3n7naz+V26+5rN343pahfa/TwRvHMhD/l11+Wh0xZCf6KhGV7TBjT/9jrlvjmNrvfYsu3n/Wd3nsOtXWW2VZu7EZvruV0f+Tt6325DG+VwzfWd/mPr9xCR0Nf4MNYZYzr3d5dZm853F05grUW9x+V5MGI6fcPmZ11zrJ3upjzIprbmdaMfvK4+uuqznXbnPdrHuq41m6/teo/r8repjjScvOZ66bQjDXWQj8Ptc93lxhZlt7kNXPeM7n+7rnFZFsreWIwJeXAulJOxoa5vSFcZdpe5sbZzvP0e7bLTrrGoXT9tuYW8L26PV9r9/bXLIX+ta+oy/zsU0bXfzGbC4U1l331+U31e34bzuhBC+0AwJrQ99Xn9qYe87+nkvbv/abeJrvJrH2s/a/PzTHuMvAnX1PlWbNG2Qx7aZRfqpPv92/e120+ewMa5TXgVMucBJZISataQ82eXNI5jxCiqnnbDRkE1F8i6hMtrKqRdWF3HbkR3AbQ/mHaFSrvBdX1Iqm1BdeP3/OYtn9cZlDZ9jJuf0Tm+VSHe4DltYTIc7upEutJun2vTqahNjakz6HSu7LoeDR1rdzrhJLxZA8jpLrMbInlutmorGy/9rSN0BLXucuMtlFl+MJRX/q6by7GNV59/INe+cfsZ7cHhZty0LPM6Cc/dyH/3R2aMue5YGxEJeckHzRu2sy3aWrseO2lo6HREwscYynfj+Oa80z7Xfby7XDfV/+YyDAc7f4WciUdxoIIQYy1AE+8znFqcSYizjMhdALeMquBtCyRCsDgxueAW0m3/u1HPIN3tP+8D2mzkMVzbfSyUp+LFYcRixOB9hjrFSgmIQ4fvPOqV9VaJlbUeMucxUQOIcIB3ZYw2Q53kaXcEr3ZdbfEdto9dQ15PdNVr+1ra9ZDf051u+1z3ZLk98Lbr38i1AjJtAbAtZG1Kt51mN5uPt3/vPvatHO8+18lzzo3u38zN2ufmNDa/c7scusunUw5C+L62yMdWZdl9bHN5db+b5EoH9VuX+zV5yNmch/bz2mNEt4CzOY3uPHTf33395nTb5zZf20372u77O/3Npmvb5zc/d/OzN7NVOsCbPmcz7To3uTDX/fytrr+G7m9zU5l3l0F3+XW/G3meNl/vNfQvnWe0+4yucaqtzNucz63y3H3N5mdvxeay6753c1qdvN3k/Taf76Y7D5vTbl/bvv/tQDZ95+1j7fS7n9/9b/c73AwVxZMBgpWY4bEImb+yqr29VaLIAEEYDh1T/jAIQ/Hb9JLXoW1BuP0hXtMv3jo0dMIC17+bbv2+nUbV/n3TefJSu+nxG6TNFulzg7QgT6ddYN+FbC6Ha8psUxlsvvYa8nqi6wO4nXR/+LeSG7Wpm5bNt0B3et/su6k4lAw0wmBBUqCOugSjZZAa2fqrpM3/C/xLGN+DF5/fkxJJ3HlTYdN3p7nQjl4rVHaQzuWhn2ufu7bkPBEiHtEM9R5DjIjFeQfGIbFwtWb5+tf38vQz+6g5h9gmrmmIIwEcno0J2eaBodMhtweUzmt0l+PmvN0IvU7Q75zZLFC189FWYHS9d/dAACFvbYXB5r7m2ms7B/P3uPYdNj7Trd+jOxfXNdL8RD413Cgz8gq8Sbpb0b68UxVdfcjmerqmjjrXdpfbRrmH69tJ5u/czu/NBtV22vn9bX2l6sbstl2e7XayuS42E3J2bR21j23UUftKblJHG++x+ZlbfvNb1f+Wz+uczP9tf5Pd737j8a3DprK7Wfo3Y6tyCu/Hm95Lu5+RcOdGvV1b5tf83vVMup7b1YDy6zauaeejOzcbZzee+ZbpqpeN9nXdRfm/7fzlbVC77+kqO9n4Vja393A+/L+dRjjOTcq46zq+yfe7CXlNdeWhK93udt1+n652Hc5d+91vRlVQLELE1MQ073/8CDI3d1UHB/uIY9u+LCSKdBXATVJ9G2g3q2tFw7yyumZ6bxXNG951HUGHroL6JtLfqnN582d9c3Q33JuhbeF+c5l1CRhvhbc7/2/GN/u8zR3SVmz1URd8c7Tr5YaIoHjAI8ThWlUEB0SQgdY/RUP+Nq72DLbRTxytoaaF+BjUAe0+5gZIWN66OflEfgtUwfsSxrQwohhfRiQi9es4aUBkWFyZ5otf3MXnPnMvF68cpykWpUksJYwzOG2g+VJ8u2O/URvsfKuhE2kfbF/Yue46uiZ9bTa3WdX2AN45QOiXt0h787kbTf47x0O6m7+bzVx3/xbIzZNAt7q9k9mNvLe57pk3Ks88je4++boy61x7gzTYdK5TjluksYlr2sQ1k7cuATlPpPOGWz2/zRZtYiuuKZ/N9d7mhsfz+t+yrV2f7lZ0ruuuw25ucPzN2lo31+V7M9r+K79mU1tui7Rv9kQh/+7add9dbvkK6HV56U5UutpPJ0eh7bTvCFm9QRu/UT11o/kV+emNPucm93B9Pdyo/De3hXZGu3N8TXne4Fu6Lj9d7yw3m2jmXHf/ZjbVTeefTd9N5302l3lXed+Y0BYEZduOhD/zkw8gs7MLOjQ0QBxbFN9VprKRgzdJ9p3IpvbzLiMs3QU6zXjTse98nb+76+h2c/OS7rQIBSMEySeYsYHUSFvPki7+AuqfwmYNYgXvI7z4oNF1VZx1N5Go2n1NW+e4Fe0+aWtCygYxDSwgvoxXSKUBcZn1tQE+/4U7+eynHuH8pQlq4lCxwe7ZR3gHxjo0z2Po2DdSDmwShtqdb053m73BWJIfDwfDuevfSdVdl247QRHpmgZvbcr0Vr7hNx208rRu9B5smfNr6eRiizQ2jl+fyka53EBjtCn/4ZyG8rjmePu66wVDOmm0B8au8t6U9lZllY+54f8dYarrgvYtQked0Z3MNfWr2mn7G+W++f2uLUvo0tZ2lA7tNPP3uo6tjm8cU4IN6g3ZvMLZfekW88QNrjtwQ7aqp82odml380LZqKfucrgR2rmn3c7YlG7nyhtkPTxv8zE21cHGysa1bDxz4/etuLbdhlcN972VcqL9TpvoLqutkmmXYvv/171oN5vK61axVd1cc66rTLb6djpt/IavElYfDJaZmSo/+eceQWZnF3VoaIAoktwGeaOjaKezVQFez7Uq/O9ebtzhFnw3kdfTDTX8N29vndn/lvd+8+hbXrr77mejM+Etv4+2OxYFYxyQQVYCgZa+xHr9N6ks/8+QOiJpYElItYSLVsN8LKsgtBBpr/1eS7uudEuV41tHNEGkFuRwn+BRfASN5hQvPjvA7332fp49eYxWWgm2yt4hXjFWyMjwJg0a7zxPm/vSUGQhj5s75fxgOL+VBqPrEnTrgYn82rAxeuPY5g4//NrW7Ww895okbzgZybnxSBF4k/egrbG9CSrhunYam+9Xcm1kN13vccN36z63Od324Y7ApuHnugLP+xgF5NpNXSHt62+50SAddgRspvPW+W8bV22+P7AhIHe/W34w/Ntdlu3jnWPXCvnfCmGV6Nr8XZfna9ryRh6vqbMb8JZyF15s89Fr2dwu2+XWOf4mm/TyNtF5t65JUKdc21fe4DuRaxRN1xLuCM/gJmUjWxzbzPXfzBbHb8BW9RN+6dJg3+BdNz/3pryFvHzbtPNwo2fl32bn/206x7a+TwnXi3hEHPiIHdv7+Ok//wgyN7usg0P9xDH5bvuuhrV1egUFBe8y2l29AhYPtMBnkJ6nVftNstq/w7pXwQsiDiF4hFCT5glYjLrNyXaQXMv2Jt3w9ei1g1TLOCpqiTLF+xiXONbdAM994zif+uxOXjixi5XGKKhFsEhn13YYLj0eaae51ejV3SfqW+gjb3RNGJk2H+1i04Pbv7Zv0fyXTh7zB12T5ObMfxvc4D3eVAbvzu8W92+dxevWqLd4t5wbDZrdg+XWD9mguyyvOb6lhHz9sXDipmURyqFrMrBVEm+WzzY3K8st8/ZNoFtPYG/K5ne60Wt8s+m+FTY/u33sTcvhBpm8Wdlu5mbP0M5f16fXndablRk3uH/zsZuxVRm12ZzWza59x3ODl8rrSlGQ8B3v3DbMT/35+5C5yys6ONxHHAN4VNv2d9133yDhgoKCdwXa0W85jEqwPXanSGu/T7r2HzHZc4jWNt92HTftSW424ORcq82R61JMBSLviVUQA3VT4Y3zR/iDPzjGU9/YwWp9CJ9riAsKCgoKCsjHuPbK846ZEX7qZ4/fZI2goKCgICeIpR6DR/DgF3HNJ8nqv4N3T+PlxtrhbkIntPXP20GiFkTIIqVlSlya28cXv3KIb7y2m9XaILpJ41xQUFBQULCFvqUQkAsKCt6cDQ8WAIuk6Vdp1j4GreeJaAaTi2+TzQLzVj9vhtEUa2IygSuLMzzxpTv56lM7mV3qI9PkzT1pFBQUFBS8K2nb8Ldl5UJALigoeFOMglED2sK1XqK1/jv4xucwro71JcybbeJ4K2juR/VmP2+C5rsoWs1BnnluO09+fSezV/rwzuebagoBuaCgoKBga6QtHcvNtmEWFBQU5IgaxIPPLtKsfRatf5rIXwRRvBrsm8uub07u0P1GP2/JRtlCyyWcOrmPr37tABfnR/E+JiHGdHw5FxQUFBS8q2iPITf62biw83chIBcUFLwFMvCX8M0v4eufw2bnSQwYcSgNkG9fM/tm4u+bnQdIqXDy7DSf++KdnDxziPVWBaGE1QpKhkruVaOgoKCg4F1FRzm85c/GCNNWyhQCckFBwZuiLJNlXyetfxyTvYDFoz4CHCKKeytdiQR3Vzf82Xz9t8BarZ/Pf+EYTz5/lMVGL04F7yNcJxLUWxGzCwoKCgrevQSt8lsY1QoKCt4duGDqCygp4AiBter49Clc7Xeg9SRGF0AU175YLP4tmC68uQCch3u9wQ+5HbSK4E2wWTYaIvU5H/xrfP25e3j6hSNcWRkmU481MYrgjcvDKHz7mu6CgoKCgncemzd9b/659iow18ajKSgoeFeiBBMEBcXnAnIWZOT0NL72W9jax7F+FsTjxaPGo2JBBfsW+hEJfthv+PMWkkBUUDGoAWPA+LAc1syqnD47zu/+0aNcXBkE1jEuQnyCEOUb/NybhLIuKCgoKPieZPOG780/XD8YFRrkgoICANQHiTPEk4tzy6w5XPMLpM3nyHwN74MNb4galltuCd9KDLxvGhUljRxkEPkIYmgZQ6a9zC1u52Mffx+zlyPSpoYoeSheM1RdsC4Tk+e5oKCgoKDg5hQCckFBAQBGQDTLuwWDeo9mX8E3fgdtvYpSQ8nCxdI2HNZcK3sbBGTACRj1JFRJm0IWexZrg3z1a/v4+vMPUFvvAS1hTIwYyW2kffCQQSEgFxQUFBTcgFx53I7YWgjIBQUFQbwVA0SgBlFDlr5Go/G70PwKkV8EkyFGETEdW16vGV79bRCPAQTrhThWXLNFrFUUw4nT03zu84dYSvvAVDBSAjVobp+MKCKKtncDFhQUFBQUdJNvqdn4XQsBuaCgIHcDqfk2NgWbrpGlHydtfhaTLhJJrmEWEEzHVhlp62RvveBpFBJvcICTBsZkrC7P8MQTu7lweT+ZNlFVvFe896jm9saSb/JDb0c2CwoKCgregQRTvI3fTbfvt4KCgncvTlNUWqCKtr6Kb/whNj2DkbCVN8iYJmhiCVpZERBjMG+DH+Q3QyT4XU5TkHLMciPmS0/s4tlnD+OiKmQxaNiIF661iBhQcoH59ui5CwoKCgreYYQtNddIyIUGuaCgIKwtGQ02xtkpsvT3MI2XiVyGGnC5zbF6GwTlbm8Qby0K9LeNB1IMYiJqaR8vnjzIxz6xl7X1nTjWQCqIcRjru/bjtXs9Qd6qq4yCgoKCgnchGypjLUwsCgoKADzB84P3LeqNp2g1voJJF7BecpMGBezG7Fo2zBWCScPbsBK1Ict2/yf/r6AqpGpBLGurY3zxS/u5tHAPjaxFEkOqTRSHkuF9hnMO9SAYjAnu4AoKCgoKCt4KhYBcUPBuIFecuvxHO8c84ElFMCjR2guY+j/DZF/HGFAbYRQiHzxcCC2ENNybO68IphbffghnB2S5DGs0RnwFJRg/CxUslqoI9VaVp168h89/fS/NxBOX1/F1S0QVSMDbIBSLBNFffa79LhTIBQUFBQXXIxK0x9778H9jCgG5oODdg88duLWVtGmucRUiMrS5SOqfwPnzoDEqihfXcft2q7EiRLlHZW9aqK0HgdeZ4GJOhToZi1cf5HOfskQyhdUhvK+g4kFWikAgBQUFBQXfNGHj+cbCJbdl1CsoKPiOE7ybKajPg3w4FIdD8AiWNXzraVqtT6LuPIIDyXKVq70tXYXBBvdxCl5CYBAIMq/xQfS9sj7BZz9/mFdf3YNLK4i3OCJILKJN5HYYQxcUFBQUfM9ThJouKPgeR3PzBcgQ9Z1pspKHYQZonMS1fg+XPo/4NQxZvvnO4EWDhvZW4xXxEuKP5HbIQhMxDozQTBNeefU4n//SCKndReZbiDTROMVrhNHytdP/goKCgoKCt8T1u81vvVqooKDgO0747F2XAGlQDAJYVtD658nSz2OyVaLg/7Gz3CQSXKfdalSDVruTRbVhf14EzpSZXZzgK08eZm5lgNSmSKQYaSLSInMeMUnu0LmgoKCgoOCbRK7dzF34QS4oeNcgHQHZo6gHowrZ87RafwTpeSIFK2zMneU27myT9vOi8Hz1iBoQWGn08Mapg7z0ygTOgjfrwT5ZLZKmWBQv6e3La0FBQUHB9ySqihQa5IKCdwdBLLbBdsF4PGk45mdp1j5L5p5DfB2LB7XB33F7Jq3Bq9stZ0N+xyjYECWaRivm7Plxnnt+D4trVbxvEkuCy2K8V6LMUjaQ4grxuKCgoKDg26bwg1xQ8C4hCMMhqhy08DSCNYKbpdn4GuoXMZKCpHgf43OrZcEGLe5tQIMZMojDIFgiRDz1puXsmUlefXUQLxYrEaRlMAalRSJRUDyTbE6yoKCgoKDgLSJdoULam/RUO2FYCxO+goLvLYSgjXVGcVHwgpykPRg9Q6v2R9jsOaxvAmHLrjcp4INHCPVofvxWY9qaag+ZcbSiDNUKl2d38dmvHGJ2eTxs4tMExCM0QWJSicgkwxYeLAoKCgoKvhWUazbpdTTIxbBSUPC9j2AJn7wCFk1foNX8GuKuYAjeLUJfELTHocO4fTbI2rGyCJpuEWWt3seJk9OcPb+b1JeCAK2CoIg6BINDUDxG9faYghQUFBQUfM+xefi4PWunBQUF31kkCJ5BoARsg2bjy2jrRUQbm6/+jqBhCzGCYrxBfMzsQj/Pv7iHxvrkdZ1XQUFBQUHB20n3OGOKVcmCgu99VIL5gqAoCfiTpPUnse4Ukfhr7K6+U6gxQUjGYxGyZpkzl0Z57dQhMie5d4uCgoKCgoK3GWnvEd8Qitu7dgoKCr5HUcDnfoxFHRZPo/VVJDtFRA2j0Yb7iO8gIXKeQRRUhatLA7x2ZpqFlTE0Xskj+hUUFBQUFNwCNg2DhYlFQcH3PIri841tHtELZPUvEOkSRi3em80BhL5D+FyDLDTSiDfOT/PaGztpaYaYeh76uqCgoKCg4FZwrYRcCMgFBd/jCGBCaJBga5F+GZrPYHwNJMaRbbE94TtAJ1hfzOJSLy+e2MG5izswUsP4BKUQkAsKCgoKbgUbhoYiwd6iEJALCt4FmOC4DVxE2vg0NjsHWsMbgcjdpkggb0JuKK0aMT8/xOtnp1lenSTyYHzvbXI2V1BQUFDwrkaCzsiIfDdszyn45tCunxtww9NbHiz4nscGFa2/TKvxJaKsEbbDibuNvs+D+cTGz7WELXqORhZxaWGEy1dG8BphtBzc0hXz+YKCgoKCW0KuglHJlTWSjzgiQaXMNX6SC75LUZW8nnIhI8R6Ccfy+uuI0EWFFiA4LOIzcF+D9ARWDSIGr67LtOFWc2PhmPYZFZbrVc7Pj7K+2kskNbxYvGnc8L6CgoKCgoJvF1XtyMBS2CC/A9FckOhS+3UEYW3HPPOIaP7TrvR2tMRCyHg3YgCjjkbrhRD8Q1r58fZk63aw+UHXapQFg9LL8tIIC7PDpC2L4vN2G7TLBQUFBQUFtwKh4+sNCgH5nYeKR8Xl0c4ckIG0EJOCaaHSRHH5jqd8YxaEqr99a+kF31VoaCdunUb6ZUQVNS0Uvc3+j8PkLfxcKxyDoFhaWZm5uXEuX5zAOYtp20ZLCJFdUFBQUFDw9hOE4/aIKB0Ti4J3DiqgJrcpNbkO0CLYcExDtDQIFjVBcxzCBXebYBS8uxAakF0iS58OWmMDvtMgzHd4ZSEIyB7DWiPi0uwQC1dHQSzGuM4Kye3TdBcUFBQUvNspBOR3GJL/CVKDoN6galG1iEYYkmCjjCBYjBiMsYgIIuALIeNdiEfdKpq+gvUXsRhUNsx1kNvUDbSVxVseDBrkpdWYi3MV1uq9edhplxvXG4wWgUIKCgoKCm4t7b1bt2lkLHi7UMlQaaGShsAJJsNrC+9bYcOVgGAQbWsFr5VITFHj70IUr6uk2TMkGjbChVUIgvB8uydNnSbZZWKhBtUqCws9XJpLaPoIFQH1qPgw0btdgnxBQUFBwbsMDUqjjsOKwm/SO5Isc9TrDdbW66yvNamtpaytpqyuNFlZbrC2mlKve7IUvA8KOO/bm51um8uCgu8aFNV10ux5Eo0JStmY4As9tInbLSNvkLvUQdCsj/m5QWbnEzKJUG9RL0jHPKhouwUFBQUFtxbVsHtL5i6v6OBwH3FMrk0y+bJr59LrtJAFbxdtseTG5etVcZknyxzOKfV1Yf7KKhcvXmR2dp7VlXUajRZZqgiGuAR9A8LY2BgzM9NMTIzQ11/FWo+NwRqDtVHXE7pFo63y8eZ5LPhup4VPn2Z9/i/S0zpJljXBJiDriECaW63LrVYldzehzgqH6QjIjeZefufjO/gPf7ifWnYc4w2WFh4f5GivSKFFLigoKCh4mwlWq4oVYdvUED/zX96LzF5e1qHh/kJAvk1o5y8QaYay9Ul+oBWK2lsyD87D1eV1XnnlPM88dY5TJ1e4dH6d1bUmikdM2ITnHYjGRBIjonhpoT5s2KuUYyYmSuw90M/RYxPsPzTJ9ukpokgx1iPSdp0loFEeriE0FMEHjxgKRiyozVtR3iS2ahbt8wZwDmy4yOcbBcVI2DzYScZg8k1i0vFw4PMEugX5ghuRz3Xz6vDBYwVx7uwc0AW09knc/F+lxSyRBdMSXGQIjaddkbdYQNYETCvkUwntSTxeFIi4vLSH3/7YMf7os/upZ9uItISYFipgNEEzj5pCi1xQUFBQ8PaiEiK5inp2zIzwU3/+nkJAvp0oYZOcSJBjjIDTFCuKqiBEqGmwthbx3NNz/NEfPsezz55ifV2J414gwXvFeZcLyD74icXn7rB8WIUW234axhiMMbmJhWBMxMHdZR5+dC8PvHcX0zN9lOIENArRhiUIpz73xGVMEGW9V7wHY2xux5x1vVdbsNpwGpa5JpEtoWpxmWBteG/nclk8F5ZNfoN3AB5rJbwbUpjIv0WuF5B9mFwoIYS0nyNd/U/I4i/RkkWsBduyuMggpLfPBvkGArIaBU04dWkP/+lj9/CFLx+g6aewRIg0glM4LWF8iPxXUFBQUFDwdhIWMoPd8fbpYX7qz98TQk0X3B46Ip/PMCbYBhuxIA4xhjQVnn56hX/9Lz7PP/4//oAnnzxLq9WLjXpoZk2afgnHFYxZILJrRDYjtkJiIqyJEYlBYoyUsCbGGIuiZJrhVHHqceo5+UbK//nvn+Z//18/wyc+/irnzzdIXcicy+UrIyGv6gXnPIhiIwXj8HgcERkWh8UT44lxWFIMGRaxPbScwUmKiWtgajitITbFGoiMYD1oFtw5WwPWtjXJbRd2Bd8+Hq9N0vQyUO9MYBRBTS5Uy+2ZA2vbp/FmNHiwWF+LWF2u4F0P0p7k5QFwIAS+KSgoKCgouB3I3OyKDg4VNsi3i+CbOOzKV4K2NMsc83OOP/zY03zyU6+yutwibVkgxnlBNQMTdvNb9djcD3LYxJRrEK1HrGLEg2SoF9SHUBBGLKFWDaqKE4MYQ2SVUillx44q733vQR56+A4mp3qJIgfqQluQCK9Qq8GVhWVmZ+e5MldjYV6p1+rU63XSNMX7oK0ulUqUyyX6hyuMjvQyMlZieCRhZLhCT7VEJIJXxWDzdqW5pwKCUKRh2xh0rfwX3JSOBrnzqbrcJzYgGc6dYW3+79LT+OdkqogFk0a42GC1Behtcf+nRIiElYfgSUOCBlksqj187dkD/ObvvZeX3zhIZstYTTG0cFhUY6Ig7m9OtqCgoKCg4NtiKw1yISDfVhRweG+C/TAOp5aTr6/z7//Np3nxhfPU0zJp2q6HCPUKBqz1KBlOPerblrtBA+jx+NwdFgQrCdM2X/DBfCNcbREVmjY0BLzHaIQVoa9Puee+aT7yJ45z6NAg1Yql2bCceuMKX/vaa7z00gWuzNao1ZQ0tXgX4zKH92EDVfv1jDFEUYQ3NVSht6fKQH+VkeGEw3dOc+/9+9m+vYdyEvKgkuUmAdqxOy7i13xzaG6zvZWArNLEZW+wduVvM5D+Oi2N8dZjMyGLhMin4brNid4CVExuZ07HDWGIChmjvp8vfPUgv/l7j3Lq4n4yC9anGJPh1eLVENZDir6ooKCgoODtpS0gC5rbIN9bCMi3Fx+EF41RUVpZyqVLLf7Z//FJnnt6jiyzOHEoGcZ4RAzqBdRiMKh6vCmFwA7aRHwTi0MEVA0qUX5OgwY533QHgPGIcUEodxDFFrwJaUuMdw3KlZSJ6R4ee+wuklh45eXTnDo1x9JiSpYmuCzBOYPHIabZcaYtInmks/BjjAkCGxHeGawxJAkkSZPhsYhdu8e5977dHLt7HyOjCdaCkgWXY7mP3pBGwVshCMgStLISjkAIJqNSJ0tfZ+3Kf8dQ9vs0fQVnWsR4WmKIXBbaz+ZEbwXGorggyGtuQmE8SoK6IT79xYP81u8/yrm5PWTWYX0LK4qXBK+CIevy31xQUFBQUPD20C0g75wZLTTIt5+gtQUhdYaTJxf47d96ki9+4RTNZowxURA+c+NcdR4hwZIgqrmpxXmqPcsMD2QM9tXp621SKYMYg/NCq2VZXUtYWhJWV6rUG0O03ABOelCJybwnohaEW40Qa8Iyt3oUwRpLX18JI0KzmdFqBoH6GjUxGjTQbalKIHirDeeDXXuu1faKCBgbjgmeOLH09hqmtw1y9OguHnjwILt3DRLHILgQEKKwr3jL3FxArpGlr1G78ksMZJ+k6aq4qEaEI1VD5INbG9/xLXILMSZswNwsIGsJdSP80ef285sfe4SLC3twNiP2GaKCNwkexWgr97RSUFBQUFDw9tERkFXZuW2Un/7Zews/yLeVXLZUUq5cafJrv/o5vvj5szSbCZl3qFGsREGG9kIkESIeZZlyzzJDo467D81zYOcqo8M1eipzJHaOKGpgRHA+IvMJLV+l2RxkeW2ccxeHePVEidNnKyytDJBmPRhXQUyKoxU2CpoET0TmfXieeEQEg0XVBMU3ikgQcMO7hLC/CmETlWx4sEDAiMd5xUgEWDLvQhpWEFHURSQx9Pa1mNke8+EPH+ehBw/T3xdj2xGFCyH5LXG9gNx9bp0se4367N+k3/0xjayKj1eJxdNUiF1oZ47sNgjIwcXfRiQ/D0ZRLaNulE98Zg//8WMPM7e0B28dsfOoE7wthWh6NMHHm1MtKCgoKCj4ttgsIP/MX7ivcPN2e1HAU6vDV758jn/yjz7F8koD7/sRm+K0RokKmSvhTYpoi/5Sk707T3PXXS+yd+8lZsZXGKimxHGGMU2EJkJwfRXsM2NUEsDjvKW2XuLqUg9XFsY5f3aas6f6eOXUAeZXlJYM4wTEJYhkYUOgCUKtweNp4dUjEiES5RrsNGwwdOWO7XDb1ALaYRoFLynWhI143iua2yobEUSCMOe9R70jKVl27Bjk6LExHnxwF0fu3Emp1JaSO8rQIIcDIrmrjcJP8vVc87kqyjppdoq12V+i33wa6hEuXkG1B5V1Ig8iJmiQb7W/NxN6oWD6A0ga8uqr4Ib4+Bf38B8/9l6uzO8LmyV8Fjay2jLe14nw+EKDfGu5ZlJ6m4zTC/Jvtij7dzzF9/OOZbOA/NM/ey/253/ub/xKpVLKtXZhdL3uWy0E5LcJxavnylyD3/5PX+X1VxcRa/AaYYzgtYVxikkiMl9nYuI8D9xzig889hXuvet1dkyep7/nKnG0ijHriDSDVwDxICHoh5ABTYw0SEydcrJGX/9VxiYuMb3tCjt3zTI5vUxSaVGr91CrJzhtEEWg3oCxCCmoCyYYkgQtsIZIfYYElwmow1qPMSliWhiTYU1oKdp29qwWvEXUIkSggiAYaWsQDRiDc8rqSovLl9aYu7yCqmd4qI9KNQ5Cm4SIgmaTlrpwBXc92u6jNXzs4FC/Rlb7PEZexWYCJsVrGSMtTNvse3NCtwqVUG+iod0q+cbMmDcuDPHqGztZXx0B1RCyRgxBTHYYFcIe44JbRv6Nhe+s6PdvG7mZ2kbZF7wjKb6fdy4SVmAFZbC/yt33TmN/4ed+6VfKhYB820gz4Y0Ti/zmbzxBmsb55roseB0guH/zmaWS1Hj0fS/ygUe+zpFdZxgstTASXHLdrDpEcv8WJmh+IQ52n9ZTLq8zONhkcmyW6T3LXLkyxMLCDlppW6IyKGkucIcQwOFRHtEMIx4r0NsTsW2myrZtveza3c+u3QPs2jnEzMwQY6P9DA2UiW2CT1OytIUVkwvFITof4oOLOkwQ5sTjHbTqlqWrTWYvX8XjmJwaplSJcb6JMUGY8p5go6y5NF7QRRBzO77NOwLyOr7+ZfBPE2cx2DTYuosiavC3y5RFyDdvBrv3ICS3j0WcvzzIayd2srI8ghefB5GxOM0wVnIB+Tbl9d1K9yS04PaRC8gF73CK7+edyxYCcmGDfBtRhcWlJp/8+Cv863/+BUxUJnUOiVI0q2CMQ4mIdIXjRy/xY3/6DzkweYpe9aCCj+o4k91U2ydqMWpR0woGEBohYsJytgqiJSKEUytV/sW/+Ameffk4TTUItRDOFwcmj1bmDYISWxgZrbBv3zh79o0xMdHPwEBMuWJISh5jg6CjPiZrGZoNR6PZZGW5wfx8jYsXVnnj5DyXLq3RrJvcDERx2kJxGBsFgVc9Bkccw8xMlcc/uI+PfP/9DAwq1mQoBvU2uKujUCBfT9hot+EmT1GaeDeLW/yHpPW/T7VVxscNWoAVAy7CGYfB5wE5biHCxsoBXWGj1SJa4WvP7+e3fv/9vPL6QVIRjCoiCZm0iKxBW3LjYCMFbw9dA7ySd1oFt55NArIWy/PvTIrv5x3L5lDTP/MX7gsmFoUG+fbgvHLh/BKf+eNXuHje4SVDVbGRQ3yMAql4JgcW+YGPPMHdB1+lR1qIUXxc2xAobkKoKd+JE+FVETFY8eQ6W1bW+/mjP9rJ01//CEtZhEYeIcV4wZDkArVgxDM91ctD793DBz98kEce3cW9923j0KFJtm0bZmJqkNHRfkZG+hkZ6mN0ZIDx8X4mp/rZsXOQ3XtG2L13hN27h9izb4I9+6YZGKhQbyzTbGZ4nyESQvh5r4gJkfoyp6ytpayurDMw2Mvu3aPB7V3ws7Ex0yua5XWEImkXjATtPymSvkHa+iKx94h1OAFLMH/x4m7jF95+kt/oZ/JBpVYf5vSZUS5c7sNJGVBEI8iDi3gnRZ3fagoN2HeGQoP8vUHx/bxzkXx8EWWgL2iQCx3cbSTLHAuL61y4uIxXiwLWGLzLZy4IxjgmR+sc2HmGHlkJW+USR12UtG2yeRM06ObyMNYQSQLe4B14tSAJJ+bG+epX72O52Y9G4H2GERMmSZqhTrAC09O9vO/9B/ihHz7OYx84xMGD4wwMJMHcwbg8DLAFjYFSRzMoRiGLsabEQF+ZXXsGePiRHXz0hw/xIz9+Bz/0I3s4dvcoQ4NlrMltk3M7asWiRLgs4cKFFs9/4wxZRp52l7FsoUm8AdrWXQAEbbuUMPEM2Cm8hMAxdIowtwd+05b1dhFaaHsUESV4tUAZ7M8YHlzAmIWgeJHgOtB7wXlX+MYuKCgoKLildE9xihHnNpJlnpWVOstLDTLXyv39gksjwGGNkJgmU9OLDPXXseJQaZKqR9ViiJHcvdqNCNrfBPWAMxhVDCmI4khopj0888o0s8v7aZhVvFeMphgXIRrjTYZIi53bB/jQhw/y2Af3sH1nL3FkwEfgk1ztlws6HYFMUXzucix3GKaARBgxCBlJnLFr1yAf+tBxfvRPH+eDHzrEvr1TVCsRxrjcXlYQYpyPWK9nLFxdptHsvF2wjYb8OQVb0y3sSmgPdhqxO8mMx2NAQdXnncHtEY4Fgrfs9uRGQ6CadjfUW20wPDJPubocQl/ngnvQImvw2V1QUFBQUHAbMLdnaCwA8N5TqzVZX2tgrcer4tURmZ4gVKrH+iUmJlMkTtHgVALjMmI8cbcf4hughOALwQrBg28heEwEjpjVesQLL+6gkY3hVbCqJIB1ZVwmeGPo7fc8/N7dPP7BO9ixs4c4znKBqv2U4KpLsaho+CGYSkCMagwReCG46dIE1RKiEbG1DA5UuPv4BH/ihw/yJ3/sLo7cNUmpFKIGikguRDnEOjAZYhxes9wDQvs9i4Wsrdn8RQsQoXYYsdN4o0FAxoZJhnwnSzJ4OhE1iBpKcZPh4XX6Bx0iFq8e1CPEhD2euW18QUFBQUHBLaLt8tTINUvVWw2VWx0r+NYQvFqcE0zkUHUoirVR8GahDkwLfBnnPQpYSkEwVQV1CIrRIIqaXMnWXqY2GgMGRwgfbIzgEVQF4y2iCQuLPcxe3o7TCEsJiwNXAolRkwGeXbsHOHZsmsmJPqzEiEZBcZvbCLe1w0EIb9usB+E2CD1A7iWh/d6CIGIQI4DHGmV6usIj79vOD370CIcPT1EuhU2BiMeYFkMDln17pqmUbC6cb7TFwtLrRuSmKB0ExeJtP7Hsz7WyMR4b9stJmPzcHvL2ARuTnY55h2JMneGRVUZGW1jJEMKmPJWw8dC7xjWp3RKk+6PafDIQVi8SkAQwlBIYHU3o640xRkAFa5XB4YSdewbYvrOXgX6DkQzNXdWFr6CFSoZIRE9PidGxKtYGD+QCeZCg8KFp7upQ1YCYYMakkMSWsfEKe/YOsXvvAKNjCUkSyjOOLcPDCeWyxQt4UUQsCDgDXmO8CCo+9wEqqGR4STcmtxJ+EJP/P3cLKAbaoe0lQyVDc88kKlkeACacVxFULULMyFiZnt584zAE7z1iKZUixkYT+voTlBhjIYqCMqBaNYyNVVBRojhidCShXDaoEdAYMS1EYryG9mJsRLUnZnq6n76eUqgTQzDhEs2/ibCPAeNRcSGIjdjwXZBfb0zuldDjjQeJEBIUcJKiNjcVUpu7SgxmcpLvkfAQ6ioPlqS5OVPY4mHxPuz1EJMrGCRssg2GkHk0UQnBdcJ3YlAN5TIymrBnzxh7904wOlYmTjIQJUkihodi+vsTvBichGA84d2DyRJiw3qfOsRYPBmYLG/vFq+S9/culE34JXieMYqKCW2DEIEzHMvTl9CvOG2PF+22kvc10p6ctweQUFaKItZhowxjPaVyxNBwhb6+EnEUMTAYMzRcyr0yhbVKsSaUsQkmiuF92t9v3g/mbVIkBBjq6zdMTJbo6RVU0nyt0yAIUeQZGoqYmKhQStr1EPYGiQnBmMDm76lgW9i47WY17KpQbX9PWT5mtffMdL9veGcxSm8P7N7dx549wwwPlwCPV5O305g4dkxODrJ3/yjT23qoVELkU9EIlYxKjzI51cOevSPs3DXE4GCMMRpWpxGshf7+iG07+9i5Z5CBgTLWpBg1GBPhUCrVjJltVfbuG2THzj76epMQw0DSTr9wHW+hn3znEb4/hY4nKPvzP//f5pv0JH/rdqjggrebVqqcPbfGN565RJo1849Egv9hVYx1eCsMlpocveMk/ckyqjHOOMREubo/b5D5QAXt/4dBrN2RmVymdmIwEmO8x1Pl5KlRPvW1u3C+REgtQ4nxRhGbIrT4wKN3ct99e+ntjfKPQ4LdsTiUsCS+YQ4azgfPCcHIPXz/odPpfF/tn/DSubmGwVplfHyQajWhtr7O+vo6qhnjI2UeOL6Lxx6/m+GRcvDT3P0MfC4MFmxwTUFfgxdH3HK47LcgS1CTdryb6IZJ8C0lPC+4D9x4ooaJlChChjcRl+YmOXtqCu8rYMJgGsSLFOUWR9ITNmnhry8ZIw58BawnjpscPz7NAw/swmWOxcUmoo69+4Y5cmw7O3YNsW1bPxNj/ag6FhcbGGPp7y0zMpGwXm8QSS8HDg1y7NgMZ95YJHVp/vVoGGBNlNvnE4L24LE2ZXJigCNHZzh0xxjTM31MTfUyPd1Pf1+Ver1FpVLmrqOjeKdcXWngJSXyQWht4hBKiGlHyAzfkhiXhx03XUJsm7agFsok2LdL8JADiNjcb3kYoNWXwGZhNQhLKY559AM78c6xvJiGMPREeKNMjFd45OHtJJWI2StNdmzrZ3q6l9W1Bju2VTl+725eef0Cg4MDPPTAGMvLNZbXPdZHmGgd58p51+IQcRw/Ps0jj+yhHMHCQp00DXscAnHY7JsLjuFd8j4snzCEVzf5ngqDtxk4g9UYMR4vGWKCqZJVi+ZrsaJ5zQmoCUoBk6+S0BYEJYjS7Z3UxoZASiIG1fb4G9IWI6gGIc+IMDpW4c67Jjl4cIKZmWGmpgaZnulleDQhdUKlknDs6DADA1XOXlzBG0+UKy+cGox4REt4zTAGjJSC/33rc7/34bmhPl2+ohe+uWqPYWikB2sNzWYLJNS/5GND2EsShwmSWsRk4V00AU2xUQa+hCECmiC58EiIrjo9PcjePZMI0NMbc/TYNqqVhMZqiyPHxtm+c5RTry8HJZLkPvIJiiBBcc4RRVHY8N3uJ0yKIhgtIzS569g4733vfjCe+fllvLOgFiOOyckqjz6+j337Jrh88SorNQ15pEVkBZcKmLaSx9A/0OTOo7tZX2uSpmH/jPc2mAsK4C3GRAi5OZuEMVkEkkSYnurjgft2snvPIDNTw0xODZL6lKXFDJWUvt5e7n9whEOH9jE+U2H7jl6GB0rUlls0GhHjM1WOHBtm3/4xpqdG2LlzmOnpHvCelSWHGMP0TJn77tnJrr3DTM0MMDUxTGRqrFxVMnWMTFd4+IEd7N49wvR0lZmZcbZvH2R1NaVWb+CDFiXvi7roKDY6B7r+/w4lfwURZbC/p9ikd7uxVujtjejrMxhKqAcjcdAc576AG2k/J8+UOXP2II1sChFDyVhMFuN9jDOWzERkkuAlwUuUa3QULykqrfBB+rC5KchLDjVC6kosLgrqKqj6zpK1GIeq4n2EGMPkzDCDQ+UwC84FUfUm39ylW04ov1l8mLiDOJLEce99e/ixP/0+vv8HDvPYB3bwwz96nI/+yEPs2jtIFGe5hqVbb1w03beOYOiFZD9qdoJZI0JRFzRStjOVudXoNRv0riVMf4aqht1TLcaGGmjefi1B5Wkk2XzTdwRjLCoNJFpi3x39fOQH7+LDP3A323cNEseG0cmYBx/Zxc7d48zNrbG26jh8ZDePPn6EoeGIJFZ27Bjm0fffTbWaYC3s3FPl3vv35j7DDdBEvWCIc1sli40EG7VQMvp6Kzz4vh2897FdVHoSLpxb4tKFVfr6B7jn/n3s3T9BX1+JAwcnmRgfDt0ALbxrYjGI99ioFj5BH+d+xlsYX8ZqFVEJplm52yM0Q8jCnoZ8MgN1VFPUx+CrGImCW0ntzb3SpHjfygMJ1UnKdY4d38PUTB9xkpuCGY/XJoNDJd7zwEH27BshSmpMTPWwfecYlaowPlXmnvu2I6ZFT2/CXffM0D9g8d4jdg18D5lfx+ZRQL0u8fiHD3P42DAPPDrO6Fg5KCF8hAgY48OGTx+BK4VVOp+h1IJ2TTJEQZ0LEUCzKuIF79YwZj332t2HZjaYAEkrnyhI8MqjDgiaPtUM7+uIaeSrNQbnHKot4lhQ71FnEC3nrUvQPPJoWwAMQir09sOjH9zDBz5yB0MjfVy4cIVzZy/R19/LI+8/wtFj2xgeKXP46Ax7949hSLHEaBbnQnqoE9UUI5YkiWi1msS2F83yCJXaIrYCTsAlWJLgbpEW4+M93H3PNnbt6UGkhVGDlQijEtoIKYYU8VCKY1zqEa/gZMN3PbnAH6Z7eBf+bwTGxgbYs2c3A4O9DA4lHLlrO7v2DFPpgYOHtnHX3btA6hjJsCK4LMWIoi5MwCKb4B2ggmqIDNru2ZwLAa327Jvk0cfu5b2PHGFqajQPYuWIYjhwaBs/9KMPcN8D++nt6wkTOLsOkuEyEyYBNPMxMKFaKXPwwG76e3tBIbIhTgA+wvgEYxwijby/CxP9sKqaMTgc8chjh3jPw0eZn29y8fIC45Mj/PCPHaVS8URGueNolT/1E/eTVFJOn5yj1XS89/37OHBnP6WKsnPXNDt2jpG5FufPLbK0uMaRu6d49EMHqPYY+vvL3H3fdg4f3cHqsmd+boU9Bwb5vo/exdBIGedb7Nzbw5Fjh2k0hTNnVlhaUB58dDt3HR+hpzKcT9TfRaZtm8amTRrkQKFBvjUosLrW4PVXLzA/G5b21Nl86clhJCYTxbegXFpjbGqJasXh/RpGUsTk0e2wQfmhinjtxFyw+WqTIgSPcBGaL3+BJXXjvPBSP8+9cl9YIlOfa0jopBsljsce38eefYN4mogajOTLjnlHluuFN7/eN4eQp+dQUuLIMDnZy13HdvDAAwc4dMckwyMJUZyitPJbNrSHQZv2bebhXYOgRBgq+PRljH+K2EV4MhQlCl3+5pvedq6vr/B7+7jBYo2QOuHC5WEuzg7jrcN4CZ5YurSXt4y8XW78cv3zBEWMwURNPvyRh6mUW8Qlz8kTs5w5vczBQyNMTpd46qkTPPnl01w8v4AxdbZtH6bRgEajwd3HtnPnse1cuniVVt0wPROzY/sIL3zjHIPDVcYmqiRJTK1Ww3sQE+N9hvcpcVTiyJHd3HFkihdfeJU//sTznH5jlQsXljh3do61tRo+i2g2Gxw+PMDi1QaraymTU4MM9fbisgap9xh1WAsjQ32MjycMD5eI4xLeKy5LseIZGemjt7dEf1+ZUikmSSxDgxV6exP6+ktUqxHlcox3kGYNrImDecmoYiy0mhYjiveeOIL3PnqAC+eucPniOs1GGizHjGdqop9jd81w6fIyzz57kWZ9naWrK1y92mLb9ph9+0f5zGdep69vkHvuqfLaK1eYuxIhuo66XqIkxTmLeMvkdMKHPvIAX/vq1xkZHuLy7Cpzs2tkmWd4JCyvp2mKcwZQKhXLyHA1iAIZ9PVbJieHGRqK6emx+LREs9UgsRFjI31YG9HTFzM+UWZstB9DSqMZJn/jY31YY2i2wvJ9T2/M0FCCtZ5WK8UaYXA4YWKin/7+Xqo9FtU6LgtKjqCFJSz755pRVY8Y4eixGd73/jt5/hsv8+lPvsgbr69w+dIyZ85cpNlsUa8pLm2xb08/3sPZcyuMj48w2FdCfYNWGlaLotgxOFRiZCymry9hoL+PemM1+NDHMjrWy+h4icHBEpVKDCqUK8LBO4c4ds80IpbL52ukTYhjGBqqMDJSYWS0h1JicC2LzwyRdUxvr2JEmJgYJEubTE6M47WGc4poAngGR2Iq1YRGY57Zy+e5MrfK8HAPe/YNsby0xsVzy+zZP0ylGvPkl8/gNaWcRGzbNsjQSEz/QJkszfCZ4LIQ0ZWOOYkP46VYlDXuvGuS4dES5Z4Siwstzp1eRFBGxyocu2eGXfsqzF9Z4LmnL7G4lFKpKKPDgwwOJ0zP9GGtpdF0eBehWZ2VlUXmLzuazSbjk2WqFUtfX8ToaJWhkQSlTquhYXw1oR4hZffeAd77/jv4whee5DOfep1z5y5zZX6BH/qRw7zw9EWWr9b5kR8/jmjEv/u1P+TUiRpvnLjI9EwPwyO9XLiwwtLKCi994zwvfeMSl84vceqN0/QNGKamJjlzap7hkR6OHp/hma+f4AuffZ1z5+a5ujDLe95zJ/OXM+bm16mnK7zy4jmee/YNLp5NOX3qEqOTLYbHSpw7tcb6Wr3T613DNb9u3U++48hfQ2Ajkl4hIN8+RATvHZcvLfLay1cx1uKdwUZhE5o1ZYyBrFViYb6ME0OUQFKuU6m0lzokLPGS5dqLsExpJM43yAntbVgqUdAs5zPpzE/yyqsDPP/63fkSIvlsOF9eI8JELe6/fwc7dvYjNnQuaAjMEdxstW2xvs02IkGLLPnSYdBKeYw4rM0w1oUlKYImJWgPg8YzmFdtLAsXvDleQwRCmwnKb0MDNA52crZLJLyVXNuvbAi7G8cNIi2wdeau9nLqzAxNX0a1Fbxd2Dwu9q1EeFMBOay2hO+xnPRy8fwFhocGuXxpjXPnVjh+zw4iC9949iqrSzHqYsAzNtHD4NAIq6srPPLITia2VfBeWV1KGRmO2Ld/hKWlVfYf2s6ddxxkz/4RLs2eY3U1Q4gxuXnTwEAPj75/P2mryde+fJ7FBYsxVTJnaDbgytwqc7PL9PYmHD5SxUSOvuGEe+7dxx0Hp6n2ZJw4cQWjFXbt6eXosZ3s2zfJ9p3jzMwM4VlnfS2lVPI8+vhBdu8ZZHi4h/6+Hrbt6OPYvVOMj/cxMT7O2Pggu3YPk6ZN5q8sEscRg8Mpj3/4EOsryuJiUKgmtoqVmIffdwdX5lZYuppirKFcFaq9CZMTfRy5c5rLszVef22ZQwd2sm3bJHOzK0xOxuzaPclnPn2KwYFRjt7Zy0svzrO42INoikgZp7VgSmaavP/xw/gMnvjcy8xM78DEGVfmlmk2PHcd383Bw2M06nVWFpuIZOze38d77t+HoYIgHD02zt794+za28/0tj56qmUWFlYw6nj0sUPs2tPP0Jjlrrt3c+edexgezZidaxBZ4f77D5LEEYtLK2Q+Y9/+ae69dy/iK1yZdUxtK3Ps3nH2Hhhn+/YRZnb00dsXMTe7ShYUz8EsI/8JFpFKEkd8+PsPU1ur8eUn3mD2ouKyCkhCs+G4cG6RSxfX6B8ocehgH30DEV4cR49PccehcQb6E944cZ7YTLBtV8zRu6fZvXeQ/QenGZvoQyRledEzNlbl/oe2s+9QD9t39jI5NUyWenp7yxy9e5r9h0Ypxf0sX4X1tRUmpxLuuns3Bw5OM7N9kInJfpLEMz83T+8A/MAP76d/IGH37m043+DRD9xJlNRZvpqxvuYpVyyPPLafyYkJRkbL7N69g7RZQizs2j3AylKTi2dr7Nk3Rqmc8OQT5+kfTLjj0AxHj21n+85edu0Zo7+/j7WVOrX1FJHw7kZsbtYQVmJE6hy+cxsQzC6cN1w+v8L6Woud+/o5dOcIS1eX8M7w8gvzrK0IYxMlHn7fQQ4c6mP/wUl27hpnYekya4slRsfgoYcPc2V2nVpjlv/bj97NwLBlcqqfO4/u4M4j2ymXhYX5dWoNj9cM75VKOeLgwXH27Bnht3/zCerrAyBlNCtx4HCEdRVefXGOD//gcc6danDi1avU64KVhKGhHvbv38e5c0ucPnuJZr1KKe4PE52hmB27xjCUOH1ynvHJPma2D/Dkl86xtORRTWjVDDt2DNM3UOEb3zjF6oqwvBhWxXC9WJNw57FRyqWY11+ZZ3XFbdkHfq8LyAP9lcLE4nZjDAwNVbnj8CTG1oLdsTHBJk0Vrx6TOsQq8yvTfOqz9/Ibv/FePveF47x+eoqV+hSO3mAXZQQiIIqQKEYtZKaJy+0BVdmwC4bcZiglSVxuMxgCiHTsDMWj6nGZsryUsr5O0C2K4PMQz9oJ7vT2iFPBvi7Cewvedmzyws6L8LuQYKQKGnV50fie+BxvGwIYUZwBKb0XNQ/RMqVOIeZbwjbfdhu4th05HCoZ/X0Ndm6/zNjQMtLqxRvFGR/a/HcBxkS5OUHMV7/0IrMX61ip5huvPMPD/YiWWV0C5xTnoL5uSVPPyEiZxcU5Tp44z9zsPC88f5K5S2vEcURPbw9CD1/98gt86o+/xF3Hd3DgjnHKleAmMU1TrIkZn+xhcMSxMD/P0lIdR5OWX0esQyJBNSZNQSQhjnoZHBjnyuwyf/yJr3Dxwln+zH/+KDZKKZWqPPaBYySx58kvv8bnP/UCtdoq97xnB5NTA8RxzO7d42zfMcSV2TlOnbhAtWq54/AEPdWEF58/walTZ6j2KQfuGCFJLHFkOXxsjDuPbmdxYR00TCicz7CRB7PGoSMjPPKB7bz/I1O8/0N7ee+jd3D83v2MjlXw1LBxyvhkmW3by1SqrXwSneB96KOiKEGANG3gvcWTgiYYcVR6V7n/gX28ceIcVy45Tr4+z7YdY8xsHyKxMa7l2b59jJ27JogiS1IWdu0eYseuIUx0lePvGebQnaO8+NwZ/vhjz3L21GUefO9OZmbGUPXs3TfBkaM7qK/V+dynnuXlF0/xyKN3MD7RS5Q4prf3MjRSCdFFcQwOltm5Z5ihkYihYeXueyeYmhrl6186wxOffY2FK0t84AMPsv/AOOT9drDjzr+OfIwolcuMDpc5fXKW+cspmXeobeBoBnNlNWRp2G8SxwmRLTE/t84XP/ckZ86c5kMffpCBIejpczz+oSPs3L6Hr37hMp/4nRdYmFvkfe+/gx27I+59YILJ6V5ee/kyX/zMG1w8t4r3GYuLVzhz6iznzp7j1Buvc/b0G/T2wt3Hd1MuGb76pWd44rPPsbTQ4Pt+8DB9/YYkijl8ZDfT01O8/NIpzp+dp+VWuff+nfT1l4isYWi4xO49QySxY3Cwyu7dU/T39aJeMUYwRlAP1hqMsRhr2L13mPc8uJ3TJy/xmU+c5Muff4P77r+T+x6eotxTD24tc7PFYFMdxkGIQMssLmScePUikU2ZmumlVIqZmOillTV45qlZ1PcgIti4wfBwlcWFRb72ldf46hfPcPyewzz8/lGiUpNyNWPHngEq1QiRjMN37mBmZoJLFxf58hPfoFFb565jO9i+cwQjQcEkYqmUe+jv66e+1mT5agunKZ4E9X0szK4xvT1heHiAV1+5xIHDw8zs7GVo1DO9o8q2HWOMT/YzMFQijnrBZMzsLvHQ4zv40T/zMPv2b+fEiVMsLy/R21NCvbC2XsfTIHU1jOllcWmBbbtKGLsWbMIlBgUb1xiZEPYdHOPsG3XWV0zwVnWrlRLfjeRDUyEg31aUajli955RprbFue2Uw/lgQyVo2AyQGXwEK80xXnj1fj72+z/C7/7eB/nC13dz8uwA81errNdi0gyyLCNrNdGmkrgyiZRDSOZ2R6sGaywGBVbo62+AWSVzWR6ZzOSaOx826Hjh9VfnuTKroOWg5zNgw+b3MOD5b19AFnJBOPd7jERBSyhJ2NTho3BV2B4ehOO29ngjhYK3hGLabvjiUYj/FJrsRH0Zo+SeDDbfczvIK7WNdXjxxBh2Tq5yaO9ZepL1MFGzig9zv+84zrXt9x3WGqLIkrlW2OxkILJBsPHeIXELbErqso496spinUvnPOurlnOnWtTXKtSbKywtLfL0k5c5e0o5dWKB+YUFevvKJEmC8xlxbFCfEkUpkbHBw4xJ8Ro2THkMmWuHojc4r6yvwYvPXuHZry1x6jXlK0+8xMBQgjEZ45M9bN/Vw/mLb9BqCvgeTp06zdBIieHRCsZYshRefeUszz93nsUFwJdZWV3jlZcucO5UnSuX6sxeWGLPnilGR/qIrHL87kNcOr/I+rIgpoWNHc41wl4HnzI81M/0zAS7ds+EaJu7R5nZNkSlp/3Nx3hn8M6iKnhtouqIE4uS4jUlSjyYeh60qIWRKjaCXbv7GRsd4swbc6yvKSdPzNNb7eXAgWl6qmVOn5hnfm6N4aF+BgaqjA73MzjYz7kz87RaTSZnqly6fIGVqwkls5PlhRJr66scOrKNVpYS2R5eeP4Szz19mbOnmjzx2VcQLRNHJdA02JySYkVC/aCgDYytM72jxJ79A6ytrpPWK/i0xML8AkvLlzl69/auFqZ4Hzq90P8arLXgy2hWAR+jONQEL0hp2sL5BhiHV0+jmXLm9DIvPLPMqVcsp1+rk7Y8g8MJ/QOGHbt7OXPmBGkjppwMcvHCZYZGSuzeO0al0o/LInoqY+AGee3lBU69vsr8ZcuVy4bFBZi7VGNhocbk5DiTU6NcuniVxnoFzYZYXEhpuUV279mJkT406+GrT7zByy8ucHU+4rmnT1GtVOnrh3JFOHDHOCsry7zxRhDqnGtiTIoxDq9px/ZdtYFqg8GhEoePjFPprTN/ZZZSNIhLDadOv8Qjj99Fz0CCeou1MSD5pCp8ixAmWoYeTp9YpL7eZHKqwsRUzMBgibmLNdaWQ2Al74WslXHp3ALzszV6SiPUVoTTJy8xPTmNJSHLNHybWQnRCs7Byy+e4oXnLnLilWVOnZjFuTo9PRE+91glIqg6jFqMRsGePXI46iBKK21gTYbTGk8/+wZRUufRD23jfR8Z532P72FqZgAxDaIkBAdQF9HX38vkdD8jYxUAGusW8b35/scaTjNULVGc0EqbNNMGcWwxkqAKUdTCpzE9vRkf+ugkUQJvnFxiZb0BUSN4OHmXUgjItxlBGR3t4QMfPkpvX0/oBCC4AhKlpWAjITIpSIqrznGxbnji64/yr//Zn+Mf/H9/ln/2z3+K3/3Ej/D0i49wbmE/V5sjrLkStUxoZSbfMJLv7vWC8RHGK9asMj6WklTWg22bD8JxkI587sXC8tTXTvP1r55mfq5Fq+WC7aNqCA2tbbdF3x6qDhGPyU17Mudx6kJ2bJfAlv/bdoAAwZ+0d98Rie4djMd4g7dgSh8l6XkUfD9We3Bte73vCBtCsuSTIeubzAwt8uB9z3PojueJ1AYvFu67o7uKouBVIkR/DBEypW2qhKder6GakpTD5+XUY2IwkbC+5hDtR2wwGcm0hYrDWMUmSr2xGtwzOsGlhjgq4fMVFQ1fLasrLRo1S5IkJFGEkXLwHkCUu54Lm4FsDGrXaGZrRInBxo619UWi2JI5R7lq2LV3mB//yfv5i3/9bv6rX7ibn/zzj7J9xxjVyhClcoSTBmnmcV7w6nE0SV2d1CneGdZWUmYvplQqMUePTzMyHrF9206ee+o8rVYL7xoY4yiVEtQliB/hi586wz//h1/kH/5Pn+d/+18+xf/29z7Ov/83n+fEq/PBw4L3eK1hogZIC5EgIAZvK4KSkblG0PJJiASqLiKOMr7/Bx9hfn4eY1MmZgypXyDzNfbfMczUtl5WllLOvjFPFLUYm4iY3t5HnMQ89bVTZGkfe/ft432P38Vf/Gsf5C/94l382Z+9h72HE3r7I8oVoZmu0WgEzz9xydJyDVQI7vMAyBBAfYzLYlQjbGRJ4oSRoT4OHh7l/R/cyV/8Kw/xX//i/fzZn7mfnTtH6e0NG1CNyd3EtYVjEbxztJpNsswxPFyhUjVYm+R+6IUormBNKfTRkqHSRAmCjdgs9+SQYYwwOjLEjl0lPvLRHfzXv3Af/9Vfv4ef+dnH2b5tjOH+Kb7ypRdpukU++uP7+Qt/7Tg/+GMzbN9nIa6jpokxZVSHUE0o92XccfcAf/InjvGX/vpj/Jc/dw8/8ecOMjG6l5GRYbKsQeZSVCLiJLhle/GlM1w81zaZyNi1d4DZizUuXVxBfdASK2lYKbAhKJVXj7WCGCFOhG27+jl6bBc/85ce5i/+/HH+wl99gPc8tA9Vg40Fb5fIshSXhc2YcSJhcyItvAbvPSuLnqWFFgNDEUfvGaKnJ+HEy6vBO5NJQaG3X/jg9x3hx//sAxy5T7j3kYjpHYqxKS4TbAyZ1nM9jmKTFk4bQVNsItQl+MyA12ADLWGc9a5Jq9kkiRLKpeD21WsLG3v6+mKW5oW19RYnTs7y9/5fn+Tkq1fpqfbw2mun+dIXn2V+tsnKkgvfgG3w7FNv8Kv/+Bn+7v/wSV575QwPPryPickB0lYwyYqSGCiDGkolS6mUsLzUIm2WKcUJaJ3BwYiP/MBxjt9zlI/99qucO7uMl2buhaa793t38d0x4rxrEEDo7SvzwQ/fz65d0ySJYPJwy6oONRHex+AbkArG9OBKTVZLl1mr1Hi9uY0/fu0+fvX3Psz/9Pf/DH/rb//f+fv/4L/g13/7+/n8c8d4bXaS9UaFZloi8wlOg19LFGLbYnTUMTDgiGyEmLaNlsF7n/tZNqytwm//9mf49V//A86cuYzzGuyabe7PstvW4Ybc/JpgdxpCYouBKDIYS9g4JmF5DMKsP/wJGjsIy2bmu2S5/Z2DIAqODFvaSVx5BDGDGPryyUjbfWBoo9D2gNLx2/ftIzdqEwr4sJQqYKOUnvICd975Kvc+8AKVKEMclKO2a8K2W8MgMELI5zXe474tbp6Qc2nQBPkYdaWw4iExgkHxXLwwizHCxMQQRi1JXGZmZpy+3gEunl1Ds14yH3waG5Pi1WEYZm1FSKrgaAT/qt4En7TqiW05+Nv1hkvn65w5dZGJyV527d5OFJXwNBBbJ0mUSo/S02dxPg3CkUb4tIzLDNXKAC4VrDE0Guu8+mKd//X//RT/4y88yd/8f36JX/5vvsgv/jf/gS989mWWl9dQZxHfg2gViIKbOS2RtSKsSRA8i1caXDh/hkcfO8TefYOcOnmaV148RxRlGCmRZRnNVh1MA6RJM11FcRgxOCdh74MJXjrABS18VAEtI9qDkJClQVtmpRRsS4lzzw+CjUI/NjHdy8FD02zbNsT/46/8SX7hb32UX/jlH2bf/imOHJ1hZkcJJeP06fNgGhw+Osau3YMYhIsXlvBeefmV1/gP/+cX+Du/9B/4m3/1t/iVv/4Ffvmvfp5f//dPkLUs2CY2Ais9tBogxHlEyhDoKHiyMFgTEUlCZBLwQrOZsbKkvP5Ck9/6dyf5H/7bj/G3fu4P+Fs/9yn+5l/5JP/qHz0DGvrBKDJhkpO3tyzLqNcbnDj5DHfdM87eg4MkCcHbhjSIExgY7KevrxpcxVEB+nBpHFKRVr46CKtLMSde8vybf/wif+cXP82v/PXP8N//tU/yl3/2X/If/t2TXDpd5td/9XV+6S9/kl/7p88zNrKTP/HDD7D/0DCqnizLMCZFBOrr8I2nLvOP/8Ef83d+8ff4lZ//OP/9z/0ev/yLv8qnPvkMSowQ0WjUcdQRMWTNPp576jwz20c4dHgbwyMlrl5xrC5lSPsbUh/8WrsIlwWzEfUWl1lc5rl8cYmvfq7B//K3Ps0v/9U/5Jf+8if57/7ax/nln/8NZi9ECL2USxWsiVCv+epOio00eHTSFq2m49K5RUZHB/jA9x0lii2nTy6DNHCuhohhoL+HOw7fwa/+ky/wb//RZX733y5x/mSZrNlLZMphzEQBg3fgHIipkGVl1FVAezCUctMrCa5PRVmvrXL16lXiOGbn9hlKto8kTrA2Y9eeHZx4dRUxvWRZwuJsP3/8u0v8+r+Y4+kn1pma3M7CwhKLCyHAWGQH8r1HStqIuXqlifcZvf2W+YXLGAsTk30YmyGS0tMn7Nm7jVdeeRVjwWmN8fEqP/6f3c+dd/XzL//RF3j2yXUa9QTVGO96gj/zLbl5P/m9gAn2Je2XzDdgXTOO3WhQK/hWCM7ElcEh4cf/i/0cOTKG9RJ2EGuEcetYs4aVElGSQZaSpFXKbhDrEqKsTllrxJKRYViolfnG6VF+/wuH+Ve/8WH+93/5E/yzX/tJ/tNnfowvv3oPp5fGmW/F1OnFZP1MV2e5c9uLlGoljDFkJkW9JQEk7SHzES4yzK8YPvu5K/zG//UaX35iloV5pdVSnDZAGkFI9hp24Hgf/h8UaODA+WYu0AYNtKrbuCcXDrQTNjtoEUVt0Ha73G8oNgh2ImGzYL5JqSPDFbwlFEgJAmScRQhNNHmYRv9PsGwTKmlw9OYNeIlwlMgkeBcLduBvzzxafdvs59o+ZcMlk8eL0DIxLRPRG2XcPfUGD+9/jkirLMYZSIuWOjJJUGtQXUW0hZiE1LS9rXwbBOl742croibOQcIg0CC1V0lxOE3AlTlxchFbijh4cJiRgYyZqRbH7umjt6+PV187h5rgijGJGwz0p5RKS4gRjEyQZUIkntR7JKrgXAtPA/UOtI5EDTJneO4bl2mlCffev4s7DlYZ6RFG+1rcdTTiox+9k3uO7aMkZbwXVFrEpkXJWOpZDUrBFdfKfEZa8xy7Z4JyT0q1zzE6tc72bT1U4ghrfFgtMg6kgdhVkHVUFRs5MnWkRqg3m5w7mdJf7efBBw7z9NfOUW+UaAJGS8FTjULmFJUqGkGm7SAEBnEWr9AiRo3H6Ep4Z+NRDUvExlawrIK/SkYvTiFRxWkN6xw2uswdd07j3Aj/9J98hv/f3/04f///8zn+3v/4Zf7JP/wSL35jgbGpmOHxlJVFw8pVy/47htm2Y5ALZ1KazYj5xQVqa2XuO/44o1OOOIHegRrbt09QjixKCUwP3qQQrSCmhliPjyX45lULfpSBoSr9g+sMD68wORbT31PFYLh0oc7sRce+A9vpH1knqTToGxD2HqqSVK9iMUxOCzM7QLWOaBJCyogDYp59eoXFxYiHHz7MkTv7GKrCUKXC0cND/Kn/fAfve98YZWNwmuFYoxS3SHwJ5wWJIrzLWFyco1FXHnxkN9UesJFhYLTJ9p2jlMqGqW1lpmdKVKvCxfNnOHv2BGkzxfgyeE8UZZTKGaWSZ2m+ydpKi3vu3c3QCJRiYXAoYfu+QbyUIKqTeY+NUiIdRn0Do4ZzZ+eII8Pj3z/C8nzG1dnlEETHtTcTW/DhW7exoraJx6M+o77e4syrLXr7DTv2jGFjR3+/Yf/BQXqrSoxnasKwa7eSWEckVXwrwmgvWRoHj042g2iNuSurtJqGJI6Yu9Qka4VgWzEVxBucj2m1mpSqdco9KTapUarUQRxeWhj1WFdCaBJZT0wvpAZLhpE6KvUQkAeL1TKRS8CBzwaYu2KYW1zhsQ/fyeT4OhP9LY7c5bGynxdPnSHDM9Rf5fGPTDG5bZGevnn2HkzYtX+IMxdmWVpZ4j337+KRh6bYPZ3Q31NjZKLO9t1j2HiAK1dXmV9osrwA9941yvQwjA+WuO89w1SrPZx4dQUjntHhEj/90/dy/K4ZvvypWVYWmvT11ejrXycWg/UmD2u0ie4+8kb95DuR9tAkYVyyP/9zf+NXKpUS1rbPtjd1dd/1PVQA30GCHa1gTQTGMzE1xMz2UebnLzE3dxXvYqypBNs7b4OTbiV31ZYBrdwkIs5/yhh6wPfjWv206v2sLPVx+lwvr748xbNf38WzT+7n1Zf2MrewnbqMkFaGaCUp5y5WWFqt4IhITOiQvTSIkhjVsIkvbVjOn17h2adO8eI3znB1vkZkK8SlEtY6TBR1nOsjAsaDtIJNIBVUwybA9k8IDNCOHkWwexaPkofQltxxv2n7yi3a3duD4NVgjQYtHh71JRLTQ6QNWukJRGpYBSuK2Cx35xeEo+AL+9bXhojFu9AxGePxPqPUE0FVOXEyYnWtFyMlSjKApU6W1YjtOCaxZG6JOB0MLhNv9aRestxONgT3GR7tYfuO7SwuNLh0cZm5S6uUSgn3PbSPD/3AXdz30D5UU574wjd4/ZU5UMPAsHLP/fs4evRe0hScrDA6OsjXv/ZCsNeVEncePcDS4jIXzq3QrIdPLLhmtKytrHF1+RI7dvfxge8/xiMfOMRD7zvI4SMHWFzI+PITJxATsffAFOfPrnH+3BJpBoMjPdz/4HH+4Heeol5PWVg+y+MfuYuHHt3HkeOjPPToEby3XJlroHh2797J4kKNC2eXAMO2HWMMDA5z8rVFri6kqKS4lqHVrDE61svuPfv4t//md2jWezCmF5c1ieIMIaFa7WHfgRnmrywxe6lOo5GSxAneGUbHBti3fzuXLq5w9tQSU9OTxFGJM6cWGBzsZ3Rsmq9++VX6+gfZe2AHr758iYVZD5KRZlCplvm+H/gAL7/yOl964gXmZtdYWFhmeaXO1atXcdpkamon87OeixeW6OmPOXjHXhp1yxc//zxrqyn1WpO11RX2HRjn0Q8e4K57RnjPw3uYnunn5RfmaTUNR47tYu7yKufOXKXVVFQt733fUb7xzFkuXT7H0Ljnvgd38+hjxzh69z6GhvuoNxqcPXuFl155jZX1sxy8c4L3f+hu7rpnF/c9cCeTk9OcOHGBKLb82Z/6IR5++EG+/uSLtBoeJaNUKeNSWFle4uTpVxidSvjg9x/jfR+4g/e+/ygHD+9n4UqN55+9SJbFbNsxztqK57lnzmJtmcHhKrt27+S5Z19n/orj8vwr3Pfwbh54316O3jPNw+87ShyXOHX6AvsOV/nIR49y34N7efCRQ+zcPcaLL5zmpRcuUm+ss/vAIPc/dIRqtYc3Tp2iVq/zwEP38sDDhzlyfJJ7HtjH8MBuXnnpPHHsufueO3j5hQtcvriCjQGEVqvJ1LZhjh27h6986VVefXmWNPXs3LWdgcEhTp+eo9lyzGyfYvFqi3NnF9m+c5pSaYAvP/EqV65eJKm0+IEfup/3PLyTY/dt48DBnbz+2hlWayv8xE9+gB/98Ud55pmTLC2uEZVSHHXiRNm9ZwYwnD61ysLVJv1DVdbWajz1tddZXVtlZFIZmxrktdfPs7C0QE+/5wOPPcz4RB97908wvXOAxZUlnnnqIn0DyvZd07z2yjzr9RWO3buXkyfOc+nyVTAwva2PgWHDxQtXmL28jCfDEyJnrq+vs7Z+lfvuv4uHHzvMQ48eZPfeffy7f/sJZi+s0WjVGRpO+MEfupv3f+gOPvT9d3P3fft5440zPPmVEywvpvQPxrzv8R184PsP8vBjR3j40WP0D5Z5+ukXeeH5c6yuOur1Gg88eCePf/8xHn5sOxPTQ3z6j1/ipefnybTGj/5nD/C+9x2lpcvs3DvEPQ/u4OHH9zK5bYALl66wsrqOavCe9T1P/ooidAKFyOzlZR0a7ieOCQOn5vOFTnkEobng20dVUZfvrDVKqnWMWC5favFvf/XzfPEzr6M6QZaFYAAS5VGX8ihaqu0JTN5gc2WcekVUwkYOKzRwiDMYHxHhiU2NJFmmXK1RrWTcdXydZ58d4uLsLjI8xgsmA2/W8fnSljUWaw2ox7kWRhzlsqFSjRkb6+Xo0R3c95472X9ogGpvaCKGNLQhHIYyaZZhxOZhKzfkFvXBrkklf5PgiLm9ay//sWHXccG3jRKU/NasQ+4T2fsYqwLNT7O28j9jWn9E5Nthcl3Q9mI74YPhJhYSbxthK2nw2x3MLdTC5aU+nvjSvXzyE+/l7OIMJS2hroaJS6QM0HRLVOMGcVaidTvsqSXF2gpZSxBpEZeaTE4NsrLSYHXJg1axUZPhMcvo2Cg+TbhyZYXFq+tgDFnaIIkjdu4dIIl6uXRhhdStMDw8zNkzy7mHjBrT2/tYXV1gfTUP7iOa21Ba8AalRm+/MDIySm/PIJCxsrbEwpUazVpCklh6BtdpNSyNdYtzFs8qh+6c4PVXFhAMzjfpH6gws20CEWFpcY3Fq+s0Gw4beUZGB1hfa7K8mBLHEf3DQpx4lheg0YhRU0O8Y2ws4v0fOEJf3wD/5l/9IegIGWBVwayHyIOizOyMWV5eYW0puG3MsmBrWq56RicSGjXl6nxK/0CMjZWlqw0qVWVwqIdL59cwxjI8bllZUhrrVTANRCytdJ29B8a4evUK66sm9GHWkKYZop5qX0Z/f4XaWsL6qidKaoyMhzKZvbiOUMZIQuZalKstdu0ZoVKOWV1xzF2qUWs00ayX8WmlVmtSWwP1wQvPtj3K0kLC4uIa1R7P9Mww1UqZ1ZU1mvUmUWRZX8tYWm5iI0dPb4nJyTHikmFtbY2FKzVWl1OiUo0jd83w0MMP82v/6mOsrxhsImRZcAEa3B1mVHsTBgbLDAz2EEcxS0trXF1Ypb5uSBLLwIjDOeXqnMdlhnKPZ3p6iPPnZ/HpAM6v0DsgjE+M0lMdZG2lzuzcJZqtNay1jI4NMtA/iLGwtrbMxfM10kYfSckxOGzp6+9lfa3O0mKdNHX0D8SMjJWoVEosL9WZm7tKq9YHZp3JmQoLc+BSC6YR/hXoG1RGx3q5fHGF+nowU+nts/T2xdTWg/vJ3n5LbT2ltg5DIzHqPXOXU5KSIqbFxFQffX0DCIbLl+ZYWzGkWZ1DR3v56I88xK/9068xezlDTT2EIc8M42ODGAMrK00ajSbVXkOpbKmtZXhnKJeFgYFBlhczao1VrF1jx84pquUqi4vLqGnRSlMun+uhVFllcrrK/OWYenOFbbtKLC81WF1xqIvp763Q0++p15WVZQmmWdZjxeB9SpJk9PVXmJgcwVhYuLLM/PwKLlNc7g97sD9mfHyAUjmmVm+xeLXF4nyG8xZjU/oHlNHRXvr6+kkzx/zCPAsLq7SaJaKohyRO6etNGZsYAwxXF9ZYXGiRphFePVNTE4wNC41sEWvKOG/BptTrGZcvruN8vvPB3fJe9TtOMNsLgZF2bhvlp3/23kJAvr14IAWf4J2gNsNrE2NL1FYjnv7aKX71Vz/L8lKNRlODDZbasIQh5CF5pbNhzojH2nxTXm69EISMCFWPyXfNoorPHCKGOIrpNcvUfEqT4RAy1cVEvhcT18h8hrGC9ylZ5oJtoA22XN6HsKtRJMTGkSSG3v6Y7TtHuePObezfP8W2HSOMjkVdvnUdhrCD1zkfXPWIDa0qN7HQdtHks7dOcyua3dtIBtoCKqgIGRoEYrdIq/UbuMV/jmQnEG2EyHri8HgchhAl1+XRsm4hbesuiUJ4YlXUQyaW+eUpPvWJB/jtzxzDNydw3uPjGk568D4ipkFJNSzT3+IlP68OYyK8hzi2eNfKTYk02AM7Gzbx2TDREBLA4lzQIMWxRTQizWpEUTAjiiIhyyBtCTaOiI3gXB0lJYpKpCmhgMTnG8EqGGNwvoGQYE05eHughXpBKIFkeK0jVoMvcy0FcyXjyDKHqlCKK7TSEITIWoPmq1Ze006kTWPiEKHOOzxpCEakEd5BlGT0Dwh33TXF/Q8e55Mf+yqvvLhEI80wcQPJBnG6Thz1hShyshAWnHwfXkN44vbGLCRDvUV9grEa2qAH8BjrUS84r2HDliZkGWFTVuaJYkFp4r3HZcFGmbx/dFkQ6r1P85W3KA9X3ASNMFIK0e28J0linHN454njYPPunMP5dawMY+IaguCcwTsf6jZaJvMWoUJkQt9uI4P6FkKKWEfmUoxJEMpkLUMUJSgpzq8j1oN6kkR56L13AY6vPPEK3ldotmq5iVmct7ng9ixJLGJT0rQezKA0CZFTTYbSzF3jxXgf3IuG9/CoLxNZQyutU+0J3hrSlsNrg7iU4bME70qU4ioqNdTUwEd4F8oCTcJqoKyGyRoRkGFsijUV1Jdwuoy6HoxNiWJIm2Uy18LGTXBlnPNUqsGjgmBzW3yT+ycOvoJRE1YZsRjTtksOMQxbrSbWJkQxZGkQJJUmLovwmvLB7zvM8HCFz3/6FPNXVnGsE8UJuBD+2kgWfE5LCWNCJFvvm3gvWFPFipC5Zr7Sm2FEEB+FzaOmiTFgGQxmhKYJvo9mtkZSznBZ2FdjpUqEQbVOph4kwtjwrXuneejxDG/WsDqEoUTm11EaWImIpI8sE0y0ntv+pzifoZSCcsy0grLD285KrDE29NneYyTGZeHbiWPFOyGyFVppBsaTZQ1KpQreCcZ7kkpKo+mIbJWWa6LeYqQHT6sTQfN7nS0F5LnLKzo43FcIyLeFEM41S0MHCbnsK6AorWbG8prn6adO8MXPv8qrL82zsqRAHHa2axqqQsiXvUOjDVpkQSSEzRSauQY2yQcKwZMBHhFHlGZo3KKlVYyJg2TtwFiHVxsGEnEYuxFFz6uGICR5CFrycKXGQBxHRJEAKT29ZcbGR9i1o4dDd+xg/8EJRifK9PQEbbHmG43EuNCJ53bG3Wo/zf/acOlW8O2hQUD2MQg4CVp+JcZqE8MF/MK/p9X8Q5x/lphgf6YoqQ8tTQiRG28lCmHXPglKE2tAXBkbeerNhPOXdvPrH3s/T33pIHXfBz2z+KyXWAZopotEthfR9Dob57cbJfg09b49aLet9BTn0nDeWozxuUcBl9tGR+CDP+8Q7McQRdBs1cBIR1CL45isZiklpc6ybHglGya+1gEWr8E1o6oJWmccWdbAmBgrSb4pSHC+HvzJqsVnliiqoNRRHyMm2HoqGYKG4D0aAXEYLExwtQYumHdo2FCnuU1ob0+Ze+/fx5Gj2zhz5gwf/72vYhmj3lonqTTxrQGQFO9inFOiuIWNLD6LEHHB9zWKtSZ4pumEIw6uJYPRpgUJruKiuBS091mIPup96JesDXbsIAgGY6NwDRlCKS+3ILyoB68ZSAhNHTzzOJTgTi6Je3CtMHkX08RpnSgp01hPiGKHbb+/Bm8VNgpCh1fJQx0rIhnGhNx4n/eb+aZS78OmPmvD5iokuACMpEKpAlnapNEUIMbatktBi9cQKjvUeZpvXA5mHqJxWKmDEOZbHEiGiMG7sNFNjJClSlLypFkNBNJWRqXS0xHsjHV4lwQBS+uIScPkyEVhYgFgM8S08o1npbCCaTK8OgTBig0TAddAVYlsH0iDzK8TmZ7wpeSBdlRdrpBpT8aC/2NV8N7kdeoxJgoTE99CxOK8YKMm6tv3pxgdJaKKxFeJS47VZRe+K2tAq6izWNPC+1bucz0I3MFDRhAivQsrV15TjBWUVphopBWSJKKRXs3zGYXvRzxiSmSuSRSFjZpiHT4zWI0RwEsKxuHUoV6JbQnU4pzDRAb1ESgYG7xuZE3FWkuW1fHiiWwFGzVxLsXoIN4pmFoY703wvQ4erxomnDb0E14hjhIyF1adREyYDLiUyAqZb2FMCDTmdDVfRankbt3CZExMM3gX8t/7g/FWArL9+Z/7G3kkPTrC8LUC8nW/FHyLqBecs9g4hJ10Pmh1hSDwxpGSlJXt20a5597DHD68k4GBiFZrlUZ9DXU+CKmezk5pI7nv0LyOBAlCr1gcHi8ZnhRvHCq+E67XmBjnw6CttH2JgpAgJmgrwuxecr/HFmNsLoTnvpXzDSFpluKckGYxtVVhfq7F5YuLvPD8eT732W/w1JNvsDCfYW0vpXKVuATWmOAjtL2rT3zuOkuDFjkXlgreDjYED0zQtgS/20HzIDKE2EFUPC3O43Qu34DZjuPVSeWW03GXpT6EjNUYnymR8fT0ZvQOWpYXerky30vmSuDKaGYxkZBJGkKwb070bcbkgojkNifeBRMoIwZrBDERaBIGeBTRCPVV1AUhxZgIdTZ8gxlYW0I0uASLogreQxQMNkmz4AYyjqJQjW0tfudbiUGD71fUEMU27E53KWjYEBxFUR5NM7gRcy5smhUinK8TxREujTCUsNaQOYch3BPswU0eBSwI6kF4DXsH8BGXL1/hpZdO8vprF3GuRKulxHEZdTYIa1aD1xwJm8K8C6tJSHBpKaZtfiaIsRgbQteEE1lnFUtEcd7hMsH5DKcN4jjBELRxaTMjjhJEMnyWEdko94rRFhhCdE5jFGNNPtJJ/nuY7KjmAqVNgvZaI5K4SprVieNSKDcTVhG8d8RRTJalG8KVEeLE4AmhplUjlDgPxmAAgzFBKPZesBL2alhrURfRbKR4tYgkWCv43BwNDf2hmOBRKHOKkTKRrYQvU1zQwHoN/TZtO35PFJVDubmUOBacb+QR3YaCpwtV4jjGZWE8SbPg8UFQnDNBG2rLqHpUWojJFWmaYEwpj3IaISKhrTgPEiYEcZyQZe2VziDAhU25Ydot+cpocPsJILmf8XavoxgTtPiZy0I6RggdmUW0BxRsVMdnKVYi0nQNnwUhNo4SXAbehVgAxrqw8hqZEHcob+M+U6wBaxsoTSJTRrMIQ0SaeWzUg/MuhFKnF2hircdI2D9jozAm+ywEvTIGjHrER2GMty5sejXBRaloWIHVzGJsA6RGHAlpK3jcMFGGjYO9spVe0lYGpHnglJQoUgwmfF/EWImDFyrxWCNAE2NbeFcPsp2Cdw4rnjj2GJORpY5y1IvPDHEcYyjjM8FIBj7DigF1uVT4vS8gh8YIgnZCTRca5NtJewO/BC8P1prcTVA4LRLKv70pKk0da2ue2YtrnD59lYvnl3jjjQUuX1xkaXmd9fUWzkvQ5IYZDpn3aMdYNNj3ChKi72lo5D4TosSHJUAJS7tiFEMrBOgwGjam+ijPn0E1bBI01iE2bPpCg6sDCWthqGaIBM0wnjBoE1EqJfT0GnoHlO07q+w/MMWxo/uYmhqhp9cQJyBkudcLco8VYTApeHvQXHBUAaWOUM7H3eDT1bCOa71Iq/Z7uNofIq3XsboSOnST759sN6tbhQTNkZGgk3XeoRLsb6OohVPLWqufU6ce5BN/tItnnh+j1prGUQaT4mQZq+Wg8biFqNgQBASPjcKA73MfvWECKRhNgpmCWQ8dr+/JNV+NIERjglkBwZuLJw3LzBpB7sc4LCsTtIc+eIQxNmjP1HviyHQ0b2JCUASRIHRAMM1STfPvNwjvSNC8ujQmjku00jWMDZrUEDGzRRSF8NiSCyaqEEUSBO8saGwRj3ofTBYk+KlVyTWoPuyHCEKaBH+teV8UNJ6Sm215Mt8IkQkNQTA1YRk8y4IJlo1ye3hvEKNgQh7EkC/fKxDlrscSUEPql4mjBPUholrocjWYPWj7fsUag2poZ4hiTYy6EPUvigzOp0Q2wbkwTeyesLu83CMb5++V4X0Qxp33uMwj1oRywaM+uNAUysFFpbTIsozIVlCvON9E8gmKMZZavUYcG8Bj4yhoyr3kCoUsr+PwPm1BM3S6JldmBMGzHckxisJSfJqmRHEQXr3LbcDjYIKDJsHlqGmQZc1cCWNxLrRvG4VJWfA+pLnixOQay5A/I7Yj/DuXEScGlwXTIzREQgya6nA+5D1okq0N5hbkY6BqirFBIaOa5kutwYzCRIpmJcT30jeQcvSefvbt3UVs+llcvMxrr1zi5Ikr1NYdSQX2Hphk/4EZhocrpGmNN05e5JVXrrCy6LAijE2WuOPIDNMzYwjClbllTry8yNmzV2hkuemPhvoyPubu9/Sz98AUcZSARLgseBp54vPPc+7cFfbun+TI0TH6e4eC21ajNNMWp964wMvPz2EQDhwe5PCRqdC2xeDVkqaWp772GidOXAzKL1lHtIeh4R4efewOevokCMYurICIFU68dhH1Cbt2j5PEliwzGOMR02Th6gqnTi+wc9cwI8NDRKaHVrOBiVpYa3nmyVfYtecYA0PBBMxGgFknMr28/vIaL71wjqWV1Y2J+fcwhQb5O0zwiBIkDTFhaTZontodnCASfEwKQmQjKpWI4ZEKM9ur7LtjgCPHJrjrnhkOHZli164xhod7ieOg4XGuFewjxSJAGE9CFDXRFkZbWJq42KM+RV3QpqhGiIkRU8dgUBKUthlEC2OamGtssYLJhcn9EWseAjaE0ozwzqDiw0xflMyn1BsNVldazM01eOPEEi8/f4ILZ2dpNaFcKlOplHLNXNBSt+2uC94OwpKvJ/iLNeRu9JwETbJ4GhiMHaekO0l8CfwVYCnX8gfB5lZXh5c8IAxhKVBEwMSIBacWIw16TErf4CxjUw1W1y2X5nrISFDfpKK9BF3urcVrWLYN32lYAg82gLmWXhvhe5A4FyjIBV+PibIg+KqgUgcfTCusVbxmSL6MHiYuadBW+tB5iA3aQ4iwEkwWhPYyq+a2qDYIUl6CUGpa4BOslPMVgSZIHUs/kAfbMAnqDJEkoGEp20jwPW5MFATHXAMlksspPgiURkwejCIL7USCJtFrE2OaeB+ExLBkrbkmNEx8Q58hYbm9ran2imqamwsE+1bJl7TJhSeTe7uRXIsY2zJZ1iCOymStjFIpaKRFk9BH2VygV493IS0Rgp9oJZhZSHjH4G4vmNCI2HzCFqESh30fNhwTMRgTh0htCEZt0Nx6+P+z9+fRlh3XeSf4i4hzzp3fPM85D8hMJBIJJCYSIwcQFEXJkiVXdcn2Ktvd7a6udsmuWtXV1bW6uqZetcq1eqhud1e7ZLcH2ZJlTZQoUSJFkCBIgJgTyHkeXr55uu+O55yI6D/2ue8lBlK0AKpE4G2si3zv3vvOEBEnYsfe3/4+lMmyArLpUDrjLPYe5YoiHkGMMY40TtEqwugIdDuLdDuMkWg7HsEWI7LLzoJGrpeMXUAhEA6NehcMSgpzhYdZcOMC+/DOoHxeeKVNIBH4DBYigZAE7QOUjwRfrG0GRcn6xAv0QSnJMoLFEQvvsA9FSVALnEsbi8dKzY038nx7LecwElHGawJj8E6+p4myjV4q7ekNSkkBODYn+03n8a5Nsaz41OOHOHh4gEsXz7Ewv8DQcJ4nnjrKwvwqq6tN9u4b44FTe4iTNW7euI63jhMP7GVkeIDF2zHlUokHHp5keCTPzatLVNeaTE33ce+J/dy8schGtZZFzROMyuPSFp/70jhHj+7mwvm3WFqcZbO2Qq26ytzsCq16yrF7d3Psvn42N5e4des26xvLrG8ssbayytpSQqlY4MGHpzl5cprLF24yN3ebenOOlZUVlhagVtV4bVG2hMIQRTFhvka9tsHGapPN6ibdvZ7JqQFq1ZjlpVWazVVqtWU2q5skcYPR0W4GBkY4f2aRxK6QxA1Wl+s061XKXW0++8xjvPHKWVrxJhvVOVrNBmtrCzRbizz6yIOsLG1y89otmu2MPevjbjKho/B0Vwocv39sx0H+87ROK0r8aDvF9+7WVdlCI1FZlSniRVFAsZCjuyfPQH+BsfEye/b2c889wxw6NMDkZJH+Pk8u9LQaAT61W8F/DyitccrjtDjhOC9OsAmxXslClxXPGWXxpo0PwNtusGWcUjgTo8IaihbaCQG6QmcKaBItQvlMoEB2ZFZJmZ5XmWxs4mg32qyvpszPJVy5vMRGtUnvQBc9fWG2kGTRaU8WMZHohEIcB7mn97bbjv1gk3GG6rRZtvm466UB7SKUGoBgGhemxPo61i0TulRweR0HVjoiU3bTGQ3hRxBhfu+eqHOiLYEYL7t8nzAwUKO/p0ZzNWRtfpiYEnGhTpiEaLLsvNRfZ/hSD4gQQTaw/swm82hnwyDPqxxXHGRPB28qw3j7xjr4D/lMQPbyzAEZvp+7GlIcwu2+k86S//ts0yL/ylGz1uv0a2cCIHMQMzS5z+oSpE2y42+dV47lO01P9kPmeIlz2znmdqdLyr2Dxc4gEtsXkv17199mZ/9gGFXnnuW3TktvAX4Uch/ZJrqTcZPPHGRQCVASkMjuQ+aMjEf9rvNsX0OnPSWTsfWv6nzGu2ad7Z+yNtj6QMlx7s7kedn8y68dGstszCjuakc5amcTkd2gWPbvD5z5VKdt3/O5yjKCnmzMZX2fbTS24Axbf5Y96Fvtfne/bX9nq90U2+MUv5XBVFvzdKc/330jctzOhLLVTXJNGZNNxzGT1t9+FjQBJoixrkmpMMyl81UuXlhhbm6DzZrn0JEKrXaD2ZsNUAEbG3Uund/k1o0Wd+ZWGB7uYXysj/mFFVZWmqSp4cb1KpcuVLlzu04ca2Z2deN8g+tXl/G2iHcZRCUJeejTo/T0FPjq71zn2mXFndk2d+ZTajWN85YDh4YYGitw5nSV119dZ36hzvx8i5UVgQgVuzSHjwwxPFTma1+9wfnzbWbnYPZWTKNVxdluYl8lIIdSnlZsWV1RLM6nzN92LN5pMzYVoo3h7JlVrlzaZH4+Zm6hzsJ8DZsaxidGaLVivvfSFVaWPAt3PLdvNVhfNQxP5Dh8aD+//qsvMH/HMjsXM7+guHW9Sc7kOHKsn5e/O8v1W+tZ8f8PGHMfJ8sClUohDvLJ8R0H+c/bZJnbbs/3t+x7J6J3v6/QGBMQRQGlYkhXV57BgQrjEwPs2TPB0WPT3PfguDygwxU8llqtQRJneGdtCBHyeI8X9TrvMMpIylRZTGIoF1fZd+A2R/ZfYyA/j2tqms0eYtcPuixUYEoi4E454WnOMJGaHFrJYqNwBMoTZJFBMKByeK+I45TqZpv5hTVu316k1Yrp7q5sya4KDZwF7ySqrBAH3DtQJps6d+xHsw9YVreGmkKRyMKtDSoooplAu2GUWsYxJzSCPsTbTkpfFjfnZWLRWn/oIr73XR9kc1LHcZGCliBMUL5JV6XO2K41TL7O2koXjY1RrG5iVTvDtRpwgv/UyqNVnDlTH27kvPs6O8/z3c905/dOe9z1F/7u7247FfKtu4+8fdy7/2J79ui4jZ333/3z3Vcjtn0t25uEu//q7u907N1/++5564Oula3rkt87DvPdd/H+K9v+/rt/fv/13G13n78Df8jqF7YW9Hf//d1Xuf379rnu/qxj29e4/fndd3H3z++2zrjtfN75SeAznfa42znfvqLsvezy33u+d334vvffezV3f+/uI8n1ffDn776m9x/zve+8tx3v+jQb7+8/yvvf6Xxv+7ru/rzz/c77BussQRCwvlFjaWGDdtvTasdY6zh0uJ8k1ly9tM76qmNtrc7aep12O6Xd8oxP9DE0UuHOnTVuXF9lba3JysoGzWYri5IbpveUsU5z/uySsDoEgu0PdJ4HHhugUi7w4rfOkiSONPW0m4KtV6Ts2TNKf3+Ba5dXmJ9bw6uUuBVg4xAclEt59u8fZ3igzIsvXmC9vkYQRNSrbTSOJE6ITBlFjCcGBe02tNuONE2IophPP3mAubkN3nh1ltqmIk41cewByz1Hpzl0eA/fffEtblxv4FxEo9HE+YB8QfOZZ4/yxmtXeO37s7RbOeLUU286bAJPPnWIZrPKG6/OsV6VouP39tTH0rYy+ZmDvBNB/gm0rUmzEztyaKPI5yO6uvL0D5YZnSgyOV1h175uDt8zyqF7JsnnDWur66Rtj08lmhGEmtQ1xQnFZFHgBKsDUloM92/yyImzPHbyJY4cOM/Y+BVywU1wK6SkaO/QXiqeQcRMvPJS0W2NFC0phGfZG0nt43DEeCVYZus97ZZmaaHNnZvr2NQxMFSm3JXPBmzG3JFFXyQyJw7zzqj86MwjFEFOWbwK0LobY6YwaoxEeZxbRrtGFh2TFDZKCmhkUvEfPoL8p5osxAaH8QqjY8o9qwxN3iafa9BahrX2IG2XZsVwOWFAQIppTKbG+GO/zB3bsR378ZmSCLswNwllnU0sUSBUh7v29PHUM8d45aXr3LzeoNVyJIlImCvlKFUCTj26izAMefO1OxJBdik2Y+HI5WHv/n6OHtvFW2/e5Ma1dZQWWKScM+C+UwNMjFco5AMe/fQ9nHr4AN3dnvW1ReJGm337B5maydHXV+TI0Uke+dQ+ZnYNELerbKytUyzCwUMD7Nk7AkHMg4/u4+QDe9izp8zNy4skcYNAC34eJYEsqVHwaF3j4JFu9uwZ59yZZa5f3cgYpsR/Gxkvc/+pCTTwwjcvUm8EOB+jdJN8lGd6b8QDp/byr//ld9lc1zg0GKGvG+jP8dM/d5Tvf/cmV68uEacZLOq9ffBxtGwPprynOyvS23GQf0Kts8h3WB+22R/EhQjDkO6uHEPDJSamepma6mdkuJueXiGWb7eEb1JpcSYE3weQ4o1UL4c2YP/0PMcPX2Bm/BbjowvMTGywe3qNqakVRvurVHItItNG+zZ48DaHTQqy2/aSbN3CHLoEhVQRQyS0SN4DATY1bGw0WV/fwIQBgwP9lMrBFv2UUGSB9X6rinlnVH50plDgDa6TelcGbUooM4IyozhirFsXjK9vo72XUkofiIes3Pag/HGZyvZJzmOUJiAiQFEqtejtrTI6WGVtc4C4bkhaBRwGH7TxKsnShCY7yI/7Qndsx3bsx2fZMyw4KsGhB0WSJKGnD5794klyecu3vnGdtdUYnwVZlBJxjZMPjXHgngEuX1jjzOlVWu1YuI11AaUVE1NFHn96L95qvvnHp6nXhdPcpiFhkMOmmqldFcqFEnO3q6ysVElti0NHpmg1E1YWRQCkp69Aow5Li1VRDxwdoLeni/k7dZK2o2+gQFd3FzdvL7O62iZpxxw81E1kCszPNojjFEc+K2LUwrShQvr6NU88fYBa1fH2W0usrbWy7K1CK8fhIyMcODTM6Tcvc+HsOtaDUilGe8rFIo89OUWznvDCNy8BEdZ5giAlMJ7HnphheCzie99eYmm5moGl3pUT+Piaks2Igh0H+SfWZLxu4cc6b3aGcOcnlRHwKwyBNvT1FsRRninT19dDrdZgfa0u1fcqw4Jlanyh92gbYdsBAz01ZqYXqVTWiXIJff0txkdW2T2+yK7xFXbPLLF79x2mZmYZGVmip2uDSn5NcKPWYtMASyQ0cybJqH5EDABtQPlsd+tAe+r1JsuLdZQyjI/3kCsYKRZSAXiFywp7Ove6Yx+RZVEC1cFPZjAEpSNU0IcOxlGmD4fG+yrKbWK8VNZlQuFbI/CHv/7s5pXCqQw5q7L+9xZtCxSjkMGhJfr6q5RDS9Io0GwpYsDrPJ5cVtj18a/G3rEd+1hbZ/3DoxHKxMBApdvx1GeOMzRc5sVvv8PlC5ukaQYdQ1EoOo4cG+O++2eYnV3hle/eZG21jcNl0C3FxGSBUw/vpVBQfO+Fi1y/uo42eRHXSAKC0KEIqW4uc/1qnXPnlrh4fpmr1xaYmO6n0lViYT5mbr7K/J0Nrlxe59KFFa5cWUIpzdjkIJvVhNuz61SrbW7cWOb8uUXOnV3k1rVNivmAx57cz5kzt9moaqzLCqu1ZHiNVhw6MsgDD+3mzOlFzp9bJnVpBtuBrh7NvcenyOXyfPOP36a2KcV+YMmFOXbt6eGhx6b53gvXuXO7SdvGKK1Q3jE4UOLLP3+YSxcWOP3GOs1W+q4m/9hbtkSpHQf5J9msQAy2sF5SyCOMGFnfaSd8mT5zeLIJJRdpursLjE/20NVV4dbNBRp1j7WChZMItMHhcWFI7BXFwiYzU7cYHFzEKDA6JWdiymGDnq4GQwOrjI/PMjU5y8zUMnsmq+ybXGeoP6artIZyddIkJnXgVYDXEakXTlezVXMhnJ1KO1zqqFUTmo02g8MlJqf6pZJamQxykY3gjHh/xz4iy4KqnQh/VhOfVeVpMMMQ7EbrXpRXOF/HqQ28sTjtcAgv57Yj/EGvD2kKrAJ8ILRLSopBFRqlE4KwwVhfnZHBmFLZ0mxZNqshaVLIcCCJcD9/SAzyju3Yjv3PaApxjrXJmJgspa4mz33pXg4e2s3L3znN22+sUt8UJhZQ5PKee08M8unHj1FdbfHSC5e5c7suao54ggDGp0IefXya4cEBvv/iJc68fYeknUOpYKugVQUNvIVaY4XFRUutBnErR9z2DIzk6RsoMztbZ/bOGiurG6yvxbTbmnbLki96RifK1JsxFy/dpF5PWFpYZ7MGrZYnjXNoBc88d4Dvf/8q88sNYZ5RifDCG0cQtnnkUwfo6s3xxqu3mL2zIRStSoNPmZrp4sChSeZuNzj9xh0R/NEaRUqllOPxZ/bQ0xfwR793mUZL4ZxGmxS85v4Tuzn+wAB/8rXr3L5dJ7UCSfnELLPZMqUyB/neHQf5J9G208PixGRS03eZUlL1LxEzoYYSTlXhW8zlPMPDvTg0ly/O0W6pLIToRGUKhQ08TlvyQZ2Z8TtMTSwRGbvljMs5xS0PiMmZNt2FFsM9MWODm4xPLjI+Msv42CpjIw1KhRifpiSxxtoQRSZWoITWzQmfT0Y5ZGg32wQhHDw4Q7EoLBmieCXV0HqrynvHPjLL1LfwkWQilEQeJFAcoHQXxgxizDAEJaxxONXEYVFeCAJ/rJZNYNpHgEdphzLgsJn8M+QJKFY26BtcobunTaQhbVmSVpJxdneEdXZsx3bsJ9K2Hl+hqJycqfDZLxxlz74ezr5zgXfevEHSFtU/ZzXd3XkefGSG+x+Yolmv8vbrV1mYq6K0AacJQ8WBQ/186oldDA7kOf/ONS6dnye2HnyeOAGvZH7xNNDkeODUAUYmekiSOmm6SVc3PPTIfhrNJpcvLtA3WGHv/kGMsTTq65RLjkP3jDA41MOVS/NsbtY5fM8M99wzyuZmjVZrk94ew30nR+jp13zrm5dZq7Yy6GSCUeBtyvhkkQcfOsS1K/OcOX2HekPUEhWaXOS47/5pBgf7ePm7l1ldEWiJ84rAOEZHyzz73HHOvH2DN15dIHGgdAFFi1I+xzOfPcrq2iLf+84imw2bKT5uC7h87K3jICvorhQ5fmJ0x0H+SbMObU5H5e7uvupgkb0XR3iLNSKrJNZKKNmU0gSRZXh0iNNvXWNtJcFlogIoTeRC4UnWloJ27J7YYGZ6iSBoCH+rz+jbPJA5uMLKZlG6DaZGWFiir6fKzESVPdOrTI8vMzxYJ59rY9t1Wu0A50MpmupcbyZqooAkEb7YsYkuxid6MwltldF9ZSN5xz4y80qiBVLB3RlQ27RgGo3Bo3QewmFUtAet96L9EMoGKJugqL73sB+pKQXGC6esVoASFg3nswCxAmvA0qRc2GRkoMHYSI2+viZBkNJue9pxhHPCkrJjO7ZjP4GmJDPqnKVQcDz1zL08+9xJapsNNjeajI+PsnvfCEGQUtuM2bNvhM8/d4zRsW6qa1WK+QIze8YYGOyh3fAUizkef3oPD57aj2uHtBspk5MDTO7uQ+k8iwtVUMJ1DppAdbPnQA/33T/B5FSJAwd6OHBwgoHeft567RLXr64yMFjh2L0T7N83yN69PRw6PMb4yBCLcw3eeeM23sOumUFOPbiLkZE+9h2ocPjwADNTQ3z7T85y8cIKcVyWec1ZAh2Bg/tO7KKrK8+rL99m9vZmhhEOwcP4RBfH79tNdaPByy9dwFotYkUKioWAAweHmZ4e4I+/ep6VlSZeO5Ev15ax4T5OPTTJC988x42bNWIbZIGoDsziE7DeZmuIRu2wWPxYTJovi7pJAcEWxWQmGCBpa+QD1SEp3o4LS0t3fhOcFXjhc0U8mc4x7vYThe+103/v/lDgE9lJPBm3sCJXgGtXlrl+bUOkWx0oNCEhHotXnnyQsntmjd27bpMLNoWkHzLBEycRRy08sx3gh0ehdIJxnlCl5IM1+vuXmJ5qMDJQo5y7TbVWolHvJ7ECCTEKlHcZ2a4Q8zrvqXSF3Ht8Eq1TFKFI5mqTnW1nXH601oFV+Ix7WIsCI1lwGY1XHkce1CCB2YcJZtB6CEcR425ssWFAh3pLyYhQ2XhX2fjPXvIVJZzc772cu63zZx3nncyr72Q0RDcWq2XJMGhC06C7e5XxiQZDQ02K0QpxqmgmBVwKyks0WUa0yrhfkShz9ix5L8IXW9H1LRjJD7Hsnn7w671/8Mm1u1nvVMYdrchoBDsUxhluXCuBkWkl0o4eJ112N49v1vYdyfKsF4EOJEsCBEp1Ps1eSmVjSPpHREyyIeE9IKJI1gpdptYZl7FXd9WCmOxYGaWm/HF2TpPRKN41fLL7lVu1WVZMQSZE41wq7AlysVndyfZz5MnoFTMu6K01Rolgk/cZ80KHK1pJhk4CLJ1LkL+T6+5cU5Z97CTptp7Z7J4VIgSl6LBZb8l5Z3+w9bvWovYnv28XkvtOf6i770tespZl5Ox03rOQCbhkNwR4cnnFzMw4tVpCrWqJogqlcolipcB6dYOF+TV6ervI5w21ahvIUSyWKZTyOA9LS+tYn9LXX6TZTGluavL5MsVynjCfZ3W1zdydNbkrjUAQrWZp+TblUpHh4X7GxgYJTTfff+kyZ9+Zp16Deq2F95ahwT4mJocpFIrcuLrO669cY2mpQbudsr66iYtDRseHGJ0skMsVOf3aEi988xap1eBDAi3S25oArTSDw33Mza9w/eo6rZaV9dZrwNI/UCYKAy5fvsPifBWlQqxzGK3JFwzdPQXm59Y4984KSepQxuNsilGG3t48Jkh468156g2HcwZPiskEzd5n2Vj5WM1n24//loO8IzX9EZqoKHlQCZ5AFKLIJiE6MqAqe9gdWkn01Hu1NRkphEJLKfBeJgVFRuGyFRX+sFYHW8KZNr/2L17nd37zIqvrm3gr1GraBzidgEroza/zhWfe4guf/Q69xVmUkGZ1Vq4PNAVo47CJRqsy6JTUN0SUJO5mYzXk+deO8+3vPsjNO0MkKkARo5xH+SKpAoKE0MDJ+3fxH/y9z9HT3UK5vCwABhwpGkmj7diP3zpiAjIuO44BIpnr17DxdXL1XydJLmOTcyg7j/ExZPR/TovE7NZi77dQfTJiOk7Olr3n984U9N6vvccU4mB4pfAqkxlWIWncy+Z6kbM3xnj74jTXr45yZ26UzWaJuKPeiAMn40opD87gfQDagm7JptFl8JP3nvhu2xJk+WCTtf1PuZFPiHlhrkKh0EoJs44SZ9g5cYKFIUWhdYC1IkksEtsOYzTep9vNqRSKAMjkikllSkbLe06cb4XHZQqIkpUzoDTeSSBCpI8zJzWTPjEmJE3bGCNy4OKYbLP/KJXLhIxilA+BQLJy2fjyqr01gJ3rOI3iIFsn6nUog7OeIFCkro3RkrHzXoOWdpBrlQiqbBo8HlE69VZlzrwhtVYKsDIHHBzKiRKebAZEHU7S+HIt3mt8B6IHmVJex9EXPG9nDdMZu4L3GmNCrJXnHRRBEJAkbYIgIE0dxmRKhDqTqpaHYMvRlsGw1YnbzEfZeb2XgIjWUaYmKI68MVDpyhOGGm08aZpIvwHNZkqtGlMsFCkUI4yxstHNTpUmjmYzwTsolvKEgZIocSZ577yi2bA062nWX9KO3kmQJp9XVLojgsjhrGJtpUncFoggeMJIUS5HFEpgbUq95mjUbYbtFQhbLijQ1QtBlOJ9wMpSQhLr7XFEiLWZmiOOSqWAdQmtVjtTHczGIin5QkAuF9Fqtmm3LUZ3ZNIdQeTJ58XfaNQTnFUYo7AuRlMgV0yIcpp6zZPEIlVufZypTJI5N3fZXXPcx2U+k826hPimxvp3pKY/cpPVeCuiIJEtcZjFBzBsNtrMzy+xUa1RKhYxBpyLM3loaWf5VyY6MvhB9sHWNz6cWfAhTnsuX1rh7JlFarU2WufQOhUREJ3gSSkELQ7sucO+PbfIB3WUVrjODr9zme97eZlfvZJIkBaMKMphAkU+r+kesWzWAhZuTdCOu6TS1ocoIpxyOO/xzlMuBezbP8zgkEi3QofmzX9Em4Ud+1FMFlGXQVy8uLZKxrhWAdp0oXKnUGY3hm4C71HUcTSk6FOHaJcxmKCFTi7LRmiEMk56NYui/RlNeY13BpDIr0QZHSa0RLmUiaFl9k3dZmholTCX0ooLtNoVrM0BKY62OBNeY5RCqwTv2+Jw6xxOBVk57A+xP8VB3rFtkyCURIU7dRIAHofWIkWsdZQ5LZ3xJ+uxSGAbcZxdJk2ORukQ61LhWldpNk7lmNIx4nbJBZiMG7tzXjm21pJdsNajgwCXzZmducfZCO80ynjwUXaujjMq41gCH3JOiZgagbJl59FaRr1sOIVQXCmhvvRenEowOC9qqsI4FGXR6FQ2nl6yHLJ+yPfQHuczmXIvPPlKdZ4LCbq4TNrbO4XzGmOE7st72QgI05Bcs9IiLS2Nl0H2lAEVoE2AApxzwpqkNEr5TJYbcbSz+wGyYzqUyZ6QzOEXB13UXCValG10kbqBTlu5LHgk53FbzmKjIXCKWi2m2YxpNh3Nhgfy2FTRaLSp1Vs06ymNmqNe0zSbmjQxWGtoNVLq9YRG3dKop9RqMfV6grWe1Eohn/MQBnmsl3HmXEC12qZabVOvJVirs82QzG3WKprNmNpmi0bD0o4dzgYCY1NyzNS1aDZS6jWobljSNMg26/6ucSBt7pzD2oQ4juU8W4qYAv2wVtFqpeKAI5F7n4l4eR8QtzVxW8aEbB49Rkc4H2BdQhynpKkRefggG8tbvsx77OM4xyl5Kb9TpPdjsa1WUlu5wWw3DmlimJ2t8/3vX+c73z7H2dN3iKIK5UpEIW8EU+m1+MSdLFq2gIAsImTvf+j+8E6iG3jeeP0W588ukyQi54xKUcriFKACunJtDu+/wd7dNwmD1tapt6f597/UuyIAdovCTW4hQekmxdIacdswd3uGlbUyCRatw+zgqWCsnaKY10xNV9i7dzAr0pNUoEAsdhzkPz/zWVQpG9hKZXCHbAFTBbyuiIMcHsDnprBhDqdjvGtjrCMklGBgNo612RYakX27pMWzE9z1849uWstyoZQRB0Cl2ahM0bpFqFsU8zVGRhfZNVNjsMtjEoNtG6zVpF7jVU6cJOPRJhEcX7aIyx3/6Q7yjv1o5r3D6CCLXmbRRK9QKkXrVDZTZEEHZcVp1gqPRyuDdR7tc1ibEIZhxsgT4pzbctroZOmUlhQ9amut88h8LRE7ccqdk+hxYlOMMbI5sgHaWKm/sI4oZ7LNVBO0RWlhF5LCpk5ATQpJOwETz3ZQQRxph7UpZNFbrW0WuZaYMASCr9cyfhGXRo6lYnRgUSoQSFD2HYW0DcpJpFtpvE+wNkEpgzEWpUURzmiDCSQq77xFG5Gk1iqLGm/BLaysaUi0WvxXg+9E+LXFI5F97z3KK2yaEEUh3nuJNpvM0fIBTgn1mtLSJy5bLmXJyCAV3sl72bMks45ko9AyD1mXSnAbDSoATBbJdrgMDqIUWR+k27AxDEoLBEWCVwnep1vPrWyqVbZxsnhSgtBk0VgtfawEP+m9ITB53BarUrZDUnL9Mg6ybAIOl20ulMl0CJTKaihkA6BViE0zx1QnKAxG57KNX3bcrQ2cZDpkXlZZFkYcdBnTDqUc2nhwAd4FeCS7awIZp84Ki4VSqYxzrzFhiPMZW9YPcoR/0Ps/ydZ5NrdYLHaK9D5SE2iULPUyyUi7pWnAjes1/vCrp/nNf/Ua589scP1KnauX7xCGmtHxfkl/IAtDZ0coEbDt1ledJ/5DmvdeogxK8bU/OMPNa03SVB4y75Wk3nSEIkdfsc6xQ5fZs+sGxrQBsrSbTHgfbJ3JRXaqslBIhFwmVdCJQ6mIucVeZud7aLtQUuI+AZ1mkaGQQkEzMVHm6LFJlFMyOW61846D/Odn2eSfRXhVZ8HfynsgSU9tSU0Rwn0Yc4pA34NSRTwJntUs5Z2isShnwEU4b/DGyibqboxxdpZ/IzPgnIdO9XUWpVZe9oVOkjJop6lEdaYmr7P3wBkGBm4T+hjjcyQuJI3BugB0gCVAEWHQaB9nbbBjH4UpBdbKfKe1bJi0MkR5yOWzgmAn0bZOcEBGiBIWHC3zQL4Q09sfEYWZA4mXaKoXLnh1l1PknDg3SguUIV8IqFRCisUQE0iQQDb2yAzmHIFRWFcnCAKsa6OUJow0vf0hzimckwCG9wqTRZ+1AmvF6dVaZ6JIcv1aK5wXpzcMw60x6xGHRuARnQ2jx/kUEyiBiCi5dzmhbABkQwHOBzgn7QMBBkOUs3T3RLTbstHzeIJAYBrWZs64EifW+yxyK2HtLTigQu7NO5l/gwxmIjAPqTHweGzq0T4veO1UYIVBoOjqymUzRiTOn5e1YPsZd9kzK06ZbDQ6fdjZVCsU4ozrTEkvMHkUwZajKPAbj/NORD2cEyc3Y7kRRzQQ+I5KUXobdiFUoiaLUiu8chk7jmC6nZN2USZj0FHtLPKtstoclW3GPNo4VKZO571sJrQBbbJjIE6wHDvKglPirKtM8a9SLpDPR7RbDmt15ujLvUsfyxxnjMAgZFMhGwx5trKtvFeZAw/GeFBpBlFSkoWhLd2gwDpHGMqm6W67e1aWNz7eDnJXV4F7T+xEkD9S80gaWqkMGuEVHs3iYouv/9E7fOOPz7OxEaJUEaMLbGw0uXL5Jrl8kaHhPvJFje7s1rcGuZBnvb9PPowJHm69avmNf/kaiwspDqlW1aqQPbw5cJqR3kVOHDnL9NStjPaLDPf07gfo/eYxMgdnk67JFisw2hO6EOsjrs+XuT03RbNdxGcTjlC9CbQkFymmp7u578R01gY2CzVkBWU79udnnYqqLDsgkAuf9YU4E2TFk1oFKIqocBc6dwyVewKnNdYEOBWjvSNAZ5zLsWy3/Nbs82c23SlIleUb5TOXXgVoH6C8AS/PmNIpSsUUSnWmpmY5cniBPRMb4FKMNSTNEokNSLGSTlah4A+zZ3PHPrxJMZrPHFiLdyIKtGv3CLv2jFDbjGk1MwiaD/FOaiQCE+JsRyChyamH9zA6USafz4M3NJt1vLXZvJMFGpRgkLUCYyDMKXp7S4yMDDA6PMjgQD/lSolcLke7FdNqJoRhXs6JAi8ZLmVi0laOsbEBPv3UQZYXa1TXLIogw8iK86eMOK+d50MBmhBvDThxkhVKFNJ0IJ85jVFh5kBKgZVSRuBlXrJzgYnAaZyViKwC2f15pDxVGYkjW43RiumZCicf3MfFc1fQvh/vpAAxTRK8V4RhTjxQ7whUJM+yswQ6wCgjmG4vc7LRwnLjrUT7lVdb87WznkCHKB+itHDXWwu5vOHBh4+Sz+dYXqpiU4m6bmWg8BiV4ZId4OQetAbvJFMY6Hz27ApW3XsNPgIXyvsZrMN7CIOcQBs9eOvRSvDDW4XCDtmMa4HxaSXnc1Z+FipILXVDzki/u4DASNvIHAfOZ4XjVjJX0oYaSBidKFPu8sSxw6WyYZJRKPejiGRD49SWgy9MTQGaPM42OX5impndoywsLGFTj1KpFNXpHDgjTnqWab177pTAkbSRViEqg+CgZAMmbSj96r2MPW8jvDMoL5sxrRRBEGYO9ge4Hh9zB7m7q8DxE2M7oZCP0rKEXSeUvNXYy0sbnH3nNutrsoNE12m7FTywuhzyG7/2Ol/9/be5fadGHBvwOZxVOCu75Q6soHP4D2upg8RGvPLSNdZWU4IgJAwF9wQIoZfzKNOkt3+Zvu41QpVk6mUf8LB8oEmkePvXDHqBwVkju2WdYoxG6yCLnhu0LwgNl/J4b3HWYoykYOUwkmL6Ua9ix34M5tmKosqGMKswBwwBAQE6o1+zaNJgDJc/Tq7775Mr/3/Q+f+EOHyKpu4nIQBfJHRlAp9775m2Z60f0ZzNARFaBwJb6lyul1QpNsV4Q6hk0U+zyHII9FYWOHLs2/zVX/qn/PzP/0M+/cjvsm/0On05S041gU28/lMBFjv2b2A2gzMoZTJnSAQg8oWAYjkkigICHWQOakwUevJ5hdEOnLAyFPKaxx9/kJyBy+evsTC7TtISXpRiPqJQcIRhG61ijJZz5HMBo8O9HDgwQXdXyOWL5zl35m2qayscPLCPo0fuIYoifApGhYQmT6loiMKISOcJA00YGAb6u8lHAVEQERiDRiR7CwVNFFgCA5EJyYUQReIEaTTKizNSLIQUCoYwALxGk8OlhiAIiHKeKGexNkarHMpHhIEG3yTQjmIuT7EQEBibbQQDlHd43yIIY4olRy6X0D8QcP+JvQRGoGugCEJPqRyQywUSlfYhmgI2TQkDR7mkyOc93ll8KsVgoVEEWhEFinzOU8hDFCpwhkDlCZQhDDy5YhsTtvCqTRAYYVHIa4olQxAqcYZtiiIlH0EUerSyKK8w5DAqFH597SjkIRcpvE1lI0EIzmCUp7srRy5yIiSFphAVUd6jiCGNCFSFUHURqm60L6FdgZwpkQuLBFp4hb0NUK4A1hAYTz4PxYIEqsR5jDAqJAg0ztWJchJhVeS2+rxUypGLPGHgUViiKOVTnz7IY586RH9fIWuzgDDQBMaSzxuiSKNIwMnmIDQyxvNhjmKUJwpTdu0uc/TeEYKgifctFE7CQj5AYdBAGDjyOUUu1Bil0V6jvCc0inxOEQaWwDjw0kahDiSfojy5yFPIKwKdAxeQC/N0VQpEYQK0cDZBfxIFuRSy2VBqJ4L80dq2g6wckKVobtxa4uWXrlGtaqCNNoJ5UjrCEdFqOi5eusbC4iYDXV3kcxWiSGMCk6WubLY7FWfhw47X1MG1a1X+1b94hfnZmNS3iJMmigClLMZ7nEoplNe4/+gl7r/nMpXCJi67Pe39VoHVDzInPkmGlxIcmMkcbO8UDsd6vZcz5w9y9fo4jVgeeqzBOcEDKuXoruS578QuDh4ayLBVVjBd2bF27M/LpLr7XaZ8Nua1jE2nAI/TDaxKs/ShRpMCDazPoaMuovwMYXQUzD6cqmBNG6erQLuTOHmPdc77p/e49T7D/cuBVMatjZRNQeDx2uOsQXmL0WCUOPMS28lRVCFjw7Bv3yLj02cpl2+gEnDNCiotIqjmHftozEmE1AVAnOFjwVKl0VxhZalGLjSMjFbo6vYMDkeMjpbp7SsRGEWr2eDovcM89unDLC8ts7boqG448nnN2ESB8ckKQ6N5CkVIkxY2STBGMT09xtT0MOvrc9RqK8xMjtLXX8L7FnFcJ5cLcC6lWl2np7fMrl0FxqYNPd1dtNqbaBTNZh1UnZvX1mk26+w7MEh3r6GnN2Bsokhvb0AQOMrlgPGpMqPjJYzWNJsNikXN8EiZsfEyQyNFSiVDs9kmjpsYY5nZ1cPYVI6R0RJpmhC3UryzTE330Nuv6OkLGR6pMDJapFCEuJ0St1OC0NHfHzE5U2ZkuIuurpD+Ac/01DAvfPMtlDbs3tPN6ESO4eEyXeUS7VZMGscoHF1dnundPYyM5enpDcjlQtIkIUnqDI8WGRquUCorhkYiRsbKlEt5arU6No3p6tZMTHUxOl5kYKhIFBhsoknSBp5NFhYWqFctwyNlBoYiiuWUoZE84xN9VCoFWs0mcWyJQkdvv8narEJvbwGwtFt1TGCpVKR9xyeL9A1CqRRQ3djEpo5KRTOzp4cgaDI900+juczAYI7efkNvPwyPhoyO5SnkDe2WxyUSYS2XA2Z29TEyVqC/v0CxFJLamEZjk1wO9h3oJ1esMjJaIjAB7bqndyBhbKyXyakeevsCvE9pN1v0D4Tc9+AQvb2GZj1lcyOm2azR1eOZmOxhbKyP7m6DMnWStE3Sluh534Bi994KwyMRvT2aqal+Kj0Vvv+985min2DCnXPkC4qRiTwzu7sYGi6SyxnSJCGOWyIENlqUMTAaUumSKHq91sRoz9h4F30Dhu4exczuISoVUUYdGMgxPBYwNd2HTVOatUQi1bDt23Ts4x5BruwU6X3klpUVSMpJKyDGKcdGNeHs2UUW55toBWkCQVCUtJRz6DAgSTQ3r1e5cPYtms2YYqlMqVTAhOJod9JDspv7Ufvj7kEt1dLeey5enOef/Mofcu70JnGiQTXRxmQVuAkahdVt+gbWOHX/de7Zc52QFs5JkZwiS1V1RtS7TN7TRkaSUoGksiDDnDk0GqcDFlYGefW1Xdy8M4BVsovVCoJQCluUgqHBbk49tJ+pXRU5spLCFMGkvefUO/ZjtKzIRWUYTxnqks7zmWCHFtyk4HVDlMtSy16jXSTRO5ViVYgPRglz9xJFDxLoA3iGwLVQfjMbtZ04reQdZFxtv5ed/N0vFCbcLqCRYq9QjuDJClcCHFEWBFdZpiJA+xDhZ0mwyqJVTCFMGB+KOXxknf1HZunurmKcY6NRwjrB7JNBoLYuSYFX2Q/Z1WcXl0Gn3l1X8L57uOvrnwRTWlLe3im0kWyZ1hHHT+zl2L17WVyo0tNb4Is/9QgHjwwxMBJx8PAUDz98nIGBHs6evcjP/eIJdu8vEUUabyvcvnWb+x+c5gtfOs74VMDExCAPPniCfC5keXGVSrlCd1eJtfUFRsd6OXXqXrxvUSyFPPLYCQ4e2sW3vv08+/fPsLyyyGc/9xjHT0yAT9m9e4pde0a4c3uN4ZEyv/TvPsHFc7Osb8zxN/6XP82pUwfoHyywe18/Jx/cz67dowwNd3PwnlHuf3A/4xMj3L59i5HRbp7+3AMMjhTo7gnYvXcMo0OWFueZnhnhc88+wPhknsNHppiZmWB5cZ1avcFzP/0gn37qECNjFYbHejh27wy79oywWW2wuLDG+OQQz3zmAR44tZ+hwR6mJkeZ2dVLIR/x3RcuML13kJ//xScod1lK5ZB77z1CaEIWFhbQxvLsTz3AyQf3MDpRYv+BaY4dO4y1Matr8zz86EE+/4VHGJvsZ2S8xOEjUxw8tJd2q02jucH9D+zlc194EG1ihkf6OH78fm7dWCJO6jz3pScIg4C52SonT03x5GeOM7N7gLHJHk7cf5hDh/fSbLZYWlyiuyfgU0/cw0OPHmZotMLUzAiTU2Ns1jYIQsuTT9/PY08cpX9YsWdfHydO3sNmtcntWwvsPTDEX/+bz9I7kGdsvJ8bNy/x4KmDPPzIIXbtHWBispvDRyY4eGgSSFhZWiKIUu57YJQnPrufyZk8M3u6OHpsNwP9Q1y9eoFKt+Lf+WufZe+BHoaGy7SbjkbN8pd+4ST79o8wPtHF/Q8coK+3m4X5VfbsHeXkw+MMDZfRFFhbaVIsKh55bB8HD09RKAXs2tvHPUf2sVltUqvWGB7N8+yXjvHAg/vo6ioyNt7P3n1DbNYNb752E29LGU2eo1AIOXJsgieePsKu3RUmJvvYtWsam1jWVlc4eHiSZ587xf5DA0xMlTh67xTjYxPM31nBuYRnv/ggjz91D929AZNTg3zxSycZGMwzNdPH9K4+Hv30CbTSLC3UaDbEq3lf5EJlgbqP01zVmcPvdpD/3t/7j/9PhR0H+SOxTgpEwFlkvMURJEVqKw1uXL1Oy4biImpNmiYEGpSzaKfQPqRaz3Hm3C1uzS1TrFTIl3KYsENML/hOhco8FDnrtmWOgetgmFOcT3De47yh2bTcWVjnH//KWd5+Z45WnAqFj4swOpdxgBoSY8ixxKl913j0xHl6B25hFaAiAjzKBfjMMZCaDql+9tkTo5TBOIcnh8VgVYoyoL1C2wDjU2ITcPbKNG+8cZKF9X6cthgbobyVQgWKaJ8wPhXyzOeP0dsToVQCPkD8850Q8p+vyQYKsklEdWYK6QeVcde+a87s/KKyILNPs1RuDk0oBTMmxOeG0MV7wezC2S6sMljfAB8TEGHIZalpi5R65kCFWGXxGb5Qe2RcesEebpvg7rJSpAwDmGZ4vw5uUwqExAFXghFUwoDhdBOlmvQUFbvHLccPLJIvVWnXr5O2HagKsVMyxrUczxNmKEUwPsL4CEhQui00iT64q+3knNJIHUz3J2n3Z6TQzkjhr/cJWhmmZroZHCpw83qVIPAcPjDMwtwGv/br3+ftN+YZ6g155NMj/OZvXOL7L7/JA4/s4V/92gu8+CfLqKDNv/3Xn+Ltt8/xld9+lVdeukUr3uTAkUFqVUsQROjQkS+E7D0wwvXrc/zR759healN70BAd0+RV1+8xdTUCCuLm3zhy3v56h+8zHe+8yan35qlWa+wuLxCpSfkic/ew4svXGJlpcFnPreLWnWD3/vd0/zJ86eZnOqjpyvHt751mu+8cA6lYqZ3jVJd90xMdTMwHPFbv/E8b71+ncsXV0gsVNc05VKOlbV5XnjhRa5fXeDLf+lx5u9sMnunxYkHuhjoqfCNPznD1772DrPXa0xOVCCw3LxZ59jxKe47NcoL3zzDb//Wt7h5a46h0X76Rwq88K2rHLjnAOPTOX7l//sVzr0ec+XKJTY2W6yttRidKfDM547xja+d5qu/8zoXzt5i3/5BxsbyLN3WjI30MDKpeOXly/zh773OjavL9A90MdDXQ3Wjyn337+XW7Bl+7zfPc/bt28zdWWd9rYbXnmMnpqk1Vrl+rcqBvYOMjBf51vM3+fofv8PsjWV27+qn1UiYvXOH+07sZmpmkOeff4Pf//03uHR1gc2aZXMtx8hQhee+vIfnX7jAb/zL7/HGa7cYGMpx/wN7eePlWwz2jfLQ4z28+uocf/B7r7CxHHLk+ASliuHb3zzN17/2NpcuLbF//xTDQz3cvOrp7Rng3odK3Jlb5Z//k5c5c2aWQrHAifsmuHRtgWarydNP3sPs9Tr//F/8CbdutCmGEblcmRe+/RJvvHaRuYU73HfyELO3q7z2ylW6+wNu3r7E175yhTu3Gzzw2AjTu4f55tfP8fL3zjE3N8/EZBdHj41z8cwcR++d4anP7eP/9X/7I57/k6tcuX6de0/N4NMyr3z/HZyH1DfxLsfkVB8/9TPHuH3jDr/zW6/y4ovnWV5o0twErR33nZwgX0745//063z327PUamscOLgb5xMW5hrsO6bJFz3/9Fe+w0sv3uLhB8cYGRvkX//6a3zrG1fBpYxNhly/ts7aplDUbsFHO6bIajHe8/5PsmVTrsqK9I6fGN3BIH+UJuD4jH/QCYgfFdPTH/DQowd47PGjeNcmDG2GE0NoW5TDqRinGqS2Diri7Tfn+O/+q3/Nf/J3/zn/7Fde5cxbLWrVPHEckCQK64X+yHmH9bGQ0KtYPAU0qVUkVuMokMQRF87W+Se/8n3+0//w13jrrTPUaw0pDOkoMWXciM6naFvn4L5lHrj/JhMDCxQS0G1hf40jRxwmGBICLIF3BI7s5dHOoW1KbMDpNhEtcm2F2dQoF0E+pB7kWKtPcencDHMLIV5pNFEGn5CKW+ub5PIR4+P9jIyUxcHphN5UhvHesZ8s0xn38ZYXrfHkgAqKPqLSUxSGfpnywH9EvudvQOEx2qabmEQwm7pIK6+JdQvvmxQJKPoC2moSIMl9FJsmD15kzpUXyiavPDpcIVe6TanvBl/44sv88i/f4H/9ty7y8LHvMFZ6iy5VJ/RFnO+CVBHalMC0seEaSW4FG1jSNI9rR4SZEElHJU2G8vaA/iRh/pyzWCe1Blp3aLqEQSIINXGc4F1Es5Fy6cIsaZwjjSNu3VilVOrBuzyhGiau9xEFfZgwZu/+YdbWNnj9+zdZW+iiUS3w8ovXUD5ifLpEoawJgxyT08Okts33v3+G1GqifI7Eat555zqePM5r2knK2lqbf+vffpaf+dkn2L17mIsX3yRutQl1DnwTY1q4NI9LKyzOJayvBDRreRqbAbdv1Ll5tUljo0LcilBmE+tXWVxcpr9/iF/4xS9z6uETeOe5fXUNZxM26yvce/wgf+fv/G+55/Bh+npLhLl1Aq3B5liYr7K23CJtRdQ2EtpNT6hL9PeV6B8wzN5a4J23bkDazdqS5sq5ZWysCIIG1Y0Npqen+Pf/zl/hkcdHaTY2mL2+Qi7Kc/LkYd45c5PrNzbwvsLacoE//qM3UbkWo7s01tRZXKpy8/o6rXpAvd5mZXWBYleEc47NasKTT36Wn/8rTzCza5qbN29RrzeETxyH1hHWttAq5NbtBa5fWyBue5aW11hZXcb5hHKlyNTuLjY2Fnn79Xlcu5+Vec/p16/Rbq8yOh5x6eJNXn7hMi4p45qD/MHvvMYDp3ZT6Jkl8StsrCa8+tJ1mjXhClYE3Lm1zsJsim31MXcr5eXvnacVrzMymTK5G/K5iFe+vUDa6KW6pnnlu7OcP3OHE/fdgyIlbsL3X34LG0ekcUitvkKxEvNLf+3L/Dt/9eeYnBijUipiTIoJUgIdod0gpIOMjg4ws7eLUjlgfHyMUw/dx8ED+whMianxPUzvqXDg8CgXL1xg7pYFW2BtGa5eWidJquTzIc2aA1sh0IZDR4cg2ODi+TnW1xRJ3M21q02u31pkaGyQKNfDd1+4ydKCJml3ceG05fvfu8h9Jw6hVQ+21cfNSxG11S7wmqXFFrM311lZjNF0s77WwFlFFJYwRBm085NpOw7yR2od0vftHZYnJpeP2b2/i+e+dIzPPXuQQDXBBiiXx2JJqZErh1ilUSaPtSHeFbFpF3dup/zmv3qV//Q//sf87b/x/+a/+S9/k1/91Rd5/ptXuHihysqKotWOiNMcrSRio2aZXWhz6dI6z3/zBv/gf/gmv/x3/in/h//9P+J3fvs1FhcVcdsTRUWUCkhTi/MSudIajNGMdc3x2MkbHL3vGvnKKlaDzimUakMiga7YQGogVQGWAiklrC7iTA4XROgUAl8EChApVMlhTUw71hgqvPnWCG++tZdGq19od1KpRMZYcfydVJLu2TtMLt/xe0RzXvCw7237HfuLbgK5eXfHKUI0FTR9WAZJ9T587ouE5V+m2P3fUOr6P2KKX6YZjlB3LWgpAhWijaZhExq2SWo8ykRYm6UDP4SpTkSaDBrijew5HRizQVSYJ/K36S+/wanjz/O/+ndf4T/65TN8+bmXmR79LuXoIiaq4cMQfDcq7oZmjtAZImNAZ/wvd0fg6SR/PnmD2hihyNJak1pI0my74DKRhMCBadBKV7A+wZOgTQomwaoqJmzjqaJI8DYR/t1Qo2jhbI3AOHKhxiWGdkMThYYoTDCmSSEPxaibYtRPEFrKvQ16BzzXrl9AB0LBVtvQ/KN/8B3+4He/R19fyC//hz/Pv/e/+xmmpvqE31t5dDIolGy6jvMNlHIEkUOZJqg2JgQTaHxqSdopzWqeN79X5R/9g68zd3uFTz2+h//6v/8Fnvjsfky4wc/83ClyuRb/5H/6LS6dXyaOEykSU3U8dZytS6Rde5xv4FwNE8Tk8iLUkSZtFCk2EbicBwJdpFbVnHm9yt//r/8Z507f4OnPnOL/8T/+XX7uFx4lCh35nNB7xckmVm3ilWdz0+NcHhPmsYhsdRDeJSVthEJtcbHBV37rZf7J//T7FEst/ubffpy//z/8NQ7fM0WaOHTYwNk2ka6QJBZnNaGpoMhhU6GMM4EjjCSjaeMCRhuUaqBVQiES/DbK0mokAt9STZxrEIUhm9UmxUKFQthD0g4xqog8tg3QNayvo4yIq5jACSsEIbkoj9GBYG5bDaIQNJq0rWg0WuTzEcZ4rKtRyGtwZZTP88Rn7uHJp4/xh3/wB/zqP/3XbGxUKZZyaKWxsccmDq8WUWYRrSyRydHb3c3kVA+TU0WGh8vErRbf/pO3aNUVUdBDmnjiVgMT1QgDcIlDe4O3lnzBEQRtnLOEJqDVqElhpkFo54zDqhrOVHE6zghWLY4W3sektk2+pEnSJl6vY32dMMoJk4+2mJwF42gnLUwUE+ZaWL9J6qt4kvc+th9766xVOw7yR2odlZ9OCtoAGkdCGCVM7iry3E8d5HNfOE6xJGTtgZF0cXWzAUpohJxLwDh0qNBBgNJF4qTAyorm+y/P8dv/+jT/6B9+i//+v/sd/sv/87/kP//Pfo3//D/7l/wX//mv8n/5r36d//a//Q3+/t//Hf7h//gn/PHXLnPtWptWOwcmQhnB+ClC0lSq6IzpKP4JZ+TgYMrgSBtTSEgCgVw4LCaL9+V8Dp12oWwB7TzaNwmoY3wD49pom5BTJWySIEeElgcXeZpJL+dOT/O97+5nfnUUq/J4NEYJXZH1LZTWBGGRoeEy+w+OSvHWXdwBTkjBduwnzuR5kF3OXX2YbSp1hgxy3uDUIESnUKVfIuj699Fd/xso/2UivRdnB0lcKLWaEXhncKkUj34kLubWQQT2pJ3Bp2BjUKlBG4sxKaGqU4yusnfXd/ipZ7/LX/uFt/jSE6+wZ/w6gV4Dt0kYQBBorE+wqoUyLZRqZQIKnd303ZYRNX9CzGWS4yrjP9YqFHEPlanbecCHRGGJwHRhVBl8Dq2KaIrY1JM0u4jCoghy+JCNtZRCoUSlO493njQJqFRyRJFic6NJ3Pa4NOD2rRV0kHLqsV3c98BeHnjwGEPDvRw8PMGhwxMsLqxgLbTblu99c4Vf/8cX+H/+X3+bY/dNMb2nQhR0g+sCnQCJdB0a5xVJmmRiC4o09RIVV4ZAl9GqgE0iZm9u8ge/+zq/+o9f5Ot/+CqPfmovpUKZ0dFBzp47y+x1z5XzVWys8EkF5QyBLqIoyNzri0RGKEO9DWhuWlwc0dvTS7ncTaC7MLpAEEgBrXZ5sAG3rlf5+lcW+ZX/+2t89StfZe+BAUqlAksL6wz09VIpDqDifgwBe/aM4qxjfaWG8SWUL+JchHMlbFqSyLnNEehuapsBr716g3/2Ky/xD//B7zE/f5t7j++RCLIto9Iy1tXRoSW1KdaBR4RitBF4VK3WoNl0RLkcYaDxaZ5A5fGuTtyKSZpFxsd20d/XhU9yhKpEqVDGxhEbawlJ7NAqILUtgXRlinO5XBGjwyzDqxgcGCEMKtRqbeqbKTaOGBkaImkblM3R268YGimxuLBOkqQEuU2sX8d7RRAaRsYjblxbZv56gdryCJfOrrCytAk2h9ElURUkh6ZEdc2wthRw8/oKf/CVl/itX3ubr/zGGX77N17mj772GvNzNWq1BpVKD+VKCeIefBIRBRpvcygXorzCJQ7lQlaWq3RXBsmHvbhmAZVqNAmRKZLUy9hWgb7uASIl/R0WUvqGciwvr2CCFKPzpDYitR5LgvMh1hm8M6SJxrsAfB7lixhVyLijPwmWOW532SdnJv5zsbsWPA/4AOVzKJ8DAnJRyN69o/zlX3yIX/rrDzIylmC0x/huDF3SHSpGGSlQa7UT2m2LR6ODAKskTduoF1la0ty6mXDpYoOzb1d56/U13nhlnTdfq3HhTMLsTc/GhqbRdsRpQmITrHM4pTIKOcE+BoGke61NMvym4sqtCX739w/wld85wqXzx2jWpkjjCtYaUh+QoEhNVfCZ2qNF4ge8RMcS70mpEwQJpC18rNG+h/mFg3z928f5//2rT/HO+SO0yZMqi3MxzjcBTxDkAU25pDlwcIjp6SFhH8gWS688WkmEecd+wuxdvqDPCv+EscRnxZ8Gh1Gi7GS1wwZ5yN1HofQ3qHT/F5j+/wC6P4MLp1FphSAOyPmUSMeEbPPO/uDXD3ehve+wrwgeViikEA5lF8krKeHSAIsS7H0KldwG995zji//9Df49/7m7/JLP/M8x/ZfJl9cpRW2aIUGqyvgCuAczlmcs5kEb6dh5BkS3vD3XNjH1QS8TpLGGYRKkdpU5k7ypF7qG5wPSK0jsSlt25KR4nPoUBHmNYkVKWBtQq5eXWJluc2zX3yaJ5/dzyNPDfCLf/UUcdrg6qUVFudbpEnI3K0GL33nIu1WjAkN3//eTb7xtUu0mhHzSytcuDBP32CRL/78QR54dJiegYRyl6de36Req2VKcCkmWkWZGHyItUYycsqjVIQ2ORG7UKmI5agWlZ6Yk4+M8NzPHGXPwSJhzpHPV6huNmi2U27cnGX/gRkmZvLsv6cLk6/idA2n2pmMtsmoOhPaSUySgsdQaza4efs2hXLAZ794L/c+0MX9j/TzyKf34k2TYrfn8P1lfvYX72f/4S6CfJswr4mTTVrtBq+9eoWeSoknn9zDw48O89Rnh3jmM/uprjS4fWMBZ1s4G2fMIx4TaMJcgNcNyj1NPvfFw3z+i8cZGR6hkC9RrpRY21gWjmJvUDrK1Ck9YRiATrE+JbEOZyOcC0kSzTtvX6FUCfi5f+sUDzzay5OfneQv/eJJxia7uXb9Fqlt89xPH+PUo8M89EQPf/1vfYE//Op3SZMcQb5JwgYoJ5sJX8a5gD17xvnUk/u4/6F+nv3pA5x8dIqV9VWu37jFlWs3qdXbfO5Lh3nkqR4efWqYL/2l++nt7eOVVy6idRnnQ1IbZaqGTRbmNhmZUEzsiSj3t9h3aIhKd0TqGnifELc0/f293HNfP/liwrkzNwjCgE8/eYzR8TIze/p48plTHDtxkHqzyZtvvUWl3MfP/MI97DsCn3pmlBMP7CdXbOGwDAwV+Ot/+zEOHi9w7eoC1y6v89CnZnjm8/t58NQoX/zpe7jvxAjLy1ep1e5w6qFpPvu5wzz62Axf/vkHOXJ0L9/847O0khbK5CgUDamrC4+01mhtcColzGucD/BOpNRF0vqHz5kfV1MdmredIr2P2LJdiLSm3iLulqp6KBVDxiZ62bt/nDiuM39nEZuAUbmMEF9hVJZ2MhrvHWnqCEwOn6kMyQKuwGus1ThncC7E+wCH4IVttvYGJhDZUTzeegIjGu7ykugGeIwW/HRsDRsbPdy6PszlS5pb8zUSbSn2eXShiVUpQUaPpZCiQI2ke4wEf4S33oAuwkqjlxdeGuV3v7qPl16/h5urU7TSoigGoSQ9SgoovFN41+bg4W6++MUTjI+X0So7GOK4qCwPvjMqfwJtq9O2N5MSQ7QolWbFpRLp2Xp6lEapAkr148PjhOH96HCM1NSxrKG9w1gwaYrT28/fn8mUEgJ9lalAagdGsitaObR2GNoo73B4lFGoQAr68G1yoaWvtMruqWUO7vf0dRdpV7uobxRJUo/XsQD2M2L/7UuV4sDtBvqkeMjZLXuPViFGK0yg6OvrJggCZm8vg7YM9vcwe2eV5dVNwtAyNNDN0EgXX//GayizxuEjB7l44Q4L85s4B7Nzt+kfLPLwpw9y9MQwG+ubfOsb57l+pU2z6egf7GZ4dJjFxRoXzt9mbm6RarVFqwF3bm9w59YGcSvAe0f/YIGnP3+QZ3/6OGOTPXztq6/z9puL5PIlJmf6eOV7t1hZbXH06B4W52vcuLlCs91kcnyEuOW4en0e62BwsEh3b4HLl+ZZXamz50A/n33uPk6eOkgYhfzGr32ftdU6q+tLHL/vGE8+/SCJbdI30MM7b80yO7fK2HgvaeK5cWuZaq1GuRwyOFihWm8wO7vBxnqNzfoqe/ZN8tRnTxDlHZcuX8foMi999yxhGHLkvlGeefYIpx4+SLFY4ve/8h0WFpo06rC+vMyxE0M88cxRJme6eOv1C3zn+RusLMH45CAmB1evLbC+XifKKXr6igQm5OrVG+QKmhMP7OMznz3J0fv2cebsW7zw/DnaLcPEdJnlpTVmZ+sM9pewHm7fqlKr1SkWSoyM9FGttpm7U2VhYYM0jTl0ZILHnzrG4HCBc2cucfHcIivLdVbXFxmf7OPZLz3E5O4S585d449+7xK1DUNXb8DY+ABvvXmDZj3BW8U99w7STpYolXM8+qmT7No7yFtvn+bFb11kdcnTaDo2a5sMjik+8+xRDt0zzeWL8/zxH7zO7HyLUqmbPdO7OH9mg5WNGu00ZXWhTv9oi0c/9QD7Dk7TThrk8mUuXbzN/MIKEHDi1H6OHNvD4kKd029dodbY4MjxXXzuuYfYe2CI5ZUl3nn7KpsbnpXlBivLmzzyxG6e/vxRnKpy7eIGjVbK2Xfm6Okv8pnnDjI/t8yVcy2uXb1Nz4Dlqc8c4P4H97C5UePM6VkW5lqsra4R5Vo8+cwhjj8wSbVR43vffZuzbzaJcgHDo2U2qivcuL6Kosze/b1s1Gq8c+Y6aeIYHu6iUDDcvL7G+kZNBNDeu9q+K9j6Iebbv0gmaX8Unp7uEsfvH0MtzG/43r4uwpCsijhzPN61kH1MGuB/DntXUb1D4UQoQyviFFZWNnn+T97kO9++zO3rdWKXw1pHGAUkSYJWIgfpnBZJVp0KHAIypxvhn1XiakrFfozWov4j0qTS6Y4kw0UHQsqvZYEWrmKRyLTWSiLcgCdAeUVea3oKlqHBy4xNnWVqYpXRvmW6KgldXW2KxRZhYLHe0Io1zaZipVphaaWLa9cmuXZzN/NL42zUi8ROCduFV3irAI02Ak1JU4tRCTO7Kzz3U/fymc8dJwpBOZcpAZFJn3ogU5DasZ9Qu9sBFGdZYsjZRrJDu6wAJZFmD+DzIknuUpRdwbZfImn8Fir+DqGbx/nkvRI177Ftx/wDTSlhn1EiMQwZY6OSTZ/SoONQ+Hp1gt0K9mqUd1txauc0zoW04m7uzI/y1pk9vP7mAa7cmKHerqByVYFZZJejlERrttlpPhkpEofOcJCAjUQy2AvXbZRXbKxLtLIUKeJUUW+FGBNTDBUDwxHXbjWJQkWpVKDdjonbKUqBtSldPXkqXQFapzRqis11R5polFIUiorh0Qq9fSUUBbTO4Xyd6kaLG9cWSWKL96KqFuVT+ga8UNLhWFv21DdTwqDEwLBhZSkldQG9vW1sW7HZ8CTe01UOCZVno5aQWk256MiV2jRq4NMilW6ICjFhUKS+qVhfA+ubQMr4xBCeVerVkHI5x/qqo5nGdJUTfAq1psYSEOAoFixWQb2mwVnyRUWlUiTKOdpNS7vlyeU1K8tVjClRrLTp689jY7BxnuWVBmkKDkukIrr7EkrlCqmNqVab1Kse7/MUywpMk3bT4NI83qdEOUshX6ReSwlCKHdbSuWUdqOLemOTzWoD5XNUegw2tdRqCV0lgzeeWjMgTRTaO7q7ZXO4uSnaAYWCoVDIk8+FoFKq1SbNWojHoHSTrkpAT2+BOE1p1UMW5xsUiiEqbFAsRVSrNdI2GPL85f/F/cTxBmdOz9NshFgfs1HdpFEXOIHEijTliqKrR7KrrXrA5madtgdnPcN9Ia16yFq8gaJAkDp6+gKKJYGG1OsxhXyR9fV12u2YXL5IT3cXxmjW1+o0G4IRL1ciCsUQ8KyvN9msObxzBIEhMAF9/SH5AtSqm7ikgjKG1ZVNonyBnn7FxlqDuBligjbFQo5KuYA2nnq9zWbNkSYGsBQLnt6ePNpArd1gY72OjbsxRhEVLFoHbKyJrHV/r8cHirU1i40DygVDsVyjVssRJ0aCV/4985EiY7H4+GS8hJ7To7xjemKAv/o3799xkD9qE8VPqcJWqK3CGxlMLsvhitCFB6xL2awlbKymnD97i2+/eJOzZ67SqHmULwAB1meFKSrJkLga1HZBoEaLPruXRV0eeKHSkJ8Vyhmc02gV4EwqjrDJ+tUrPB7nPEbL4p+4hjjIyqBI0R4CYwmjgCCIiHINoiAhMk0C1ZAorw5IvSFJNXFaIm310W7maac1LM3MwYkAhVaIVGomG+pQaOOZnAr4wnNHePqp41R6EhR5cZa8qG7pUJg7RMp4x36SzG85ffo9n4h5ECUsGSiZc4xkQ7LeDrzH08apVGRZrQd7izj+Lu30NcLNf4Zy1fce+i774Q6yB6wCo7PnwnVks8H5uOM/y2MsIxnl5EJlLDvSjI0lcgHGaVLnqKU55tYmOHtuF6+8vou3rxzHWYd1ciARNDHZM8KPIOX+MTEV4JVkkLTPdXoAvMhIewp478mhcMrRtCFhmBIkDq8SEhOhsr7wXlL3cdwiCAzOKbwzkk9TCqU0ziV4D8YEBKEiijRBmL0P4ELq9YbMo76E8wlBbgOf9mCtJgjbpHGBIEyx1qN0glYRzgcYqmhvSLTDqgDjDIYEqzzOR1JwRTtTaMsJpE2JMqjWCq8s1gmWtN2yhPkmPu3CqzqaHAkQ0Mb4gFQHpEDoNMYnpNrhVIQmFa54r7N5MhIpYhUDBus9gQrFMaSNo4nSefARXsWC48bibQFlwPo2Wqd4V8ArT6BTsAHeKZE6VimStgkynvQYXCQYVmNJXRtDGaWtFMpRQFvwxpPiUDqPdhacwPW871AkphgdoJTGpi1RoKWETR06iNFe4XybwBRIU4cKLPgA7w1eN8Hm0UBgFF/6uUPgLS9+6yqL8wnKpLhMHMh7L1z9WZt5L/A9k0lVJ2EbbEROJ9hUkwSgVTcm2UBTwvoaymyPAZHxzqSwVVvmBYz0swsy1poEpcB5hcNgdAqATWMC3YNLYwJj8LqO85nUNUWsWgMVY3wF5b24EygIUryKcRi8k+xbqD1Yi0JvY/l1LEWRvolSUTbuHNqGeKOJnSM0EcQeHSwDedJMefG9NMifCAf5b53MHOTeLsKILGqRNeaOg/xnM4/Ewt7VZOo9i/L2h/KAyu/1WszKSo35+Q3eevMyb5++zcJCm1oNkkQwXFJRKprziizalQ1ioZZzOK0wSmcXY8GlaOMo5EIKxRxH7i1QKgzw1pvXmZ9r4GxOdMa0lSrxLNXrnERQlMrwmDoFHNYp0XjHobw8KHffoVcK5Tz4SBZ9ZXHYTFRBnIBAK5IkITCdQhzL+HiZpz+3n2c+t4fhwVIWJRaVIdhuVxmRO2PyJ886I+RH6bt3Py9bf+k9Hpup5QnLBDicq2L9Bqb1CrX6H2LTbxC6m0QWAgK8AovFZWNVZQWBmdsNaJyOBVO8JRoom1AlwEOZHzt/tHV5MiDlWQR8tg1QSmRavRKHQ0PqI+r1PMvLFc5dmOJbL05z6fZ9xHpEntPUC5e6SUE1ca6HVDmUrqGcJySPxpC6TJLoR2nGv+imZHMOPoOYSMP6bPevlBGHNlMRs15YL8Qp9lk2anuKVVogaLoTQMiOmXVnhvnuZNvIzuGzzZtCqwxD7H02LhxKp+AiSTQri3dZUbMHjxPObA862xj5raR0Z6B4PFocsGyTqO66bhljnlTFaEKMgTRJMq7wCHwbvMEpgaMZrbE+G5tZ3gUtc7Z3cj1aBVgr2UalPc4nWdOGEmhxHk1B5K2NxhPLKxPOwUZoHeFdmjFVODypOFxeFF637ls7qWFxoXCUZ22mjcVaj3c5jIlwvr0VuPFIBtMj3OjeZfej0+15X3UcPI/3cdbmCqUiFIokaRGGRdIEwghhaPCaMChmkESFUp7x6TzGaBbuNGg22wJDdGaLwcE7J/3lxYGFWDDjLo9DE4aQJk0URayzRAWNS9rZBiqW61QmgwFKnzvnUaqT7fQo5TI8byDdkI3fjiCWdxpUAr4Eqk1gSrTjKoFRaK2wqcG5AB3VwOWzWguHyvjbnXJoY3BOqBMDY8SBdkIjq1UOrSFth+iwjrMQhh7nTKZfYLAO2ZQ4hbUNwijEOic+ytYDm9l739iaD39yTWKZ8jxNjffz13Yc5L94ltoW+ICV1TpzdzZZXomZn6syO7vGymqNjfU2rUZKnCTE7RSbOpzvzLQycZtQEQaafM5QrgT09hYYGa0wPj7AwGAXo2OGfL6fM6dv88K3z3Hh3Dz1BqSpyjiJLT7TG0HU30EJDRzK4byThd93wmmdiKBQM4HHKJtNBBov4XRxPvCSqXCeQMtEFwaW/Qf6eezT+7j/gWlGxypoLRr1O7Zjd5s4TvxACILyVdLWBXzyPC7+Gq59GmPrEnFRCQ6Fx6CVQ3m7teFybgup9P5oyb+xdebLD543nY+o1vq4eG2Q0+eO8crre5mbG0TniljfxHtF6C2pD3DaZPADh/EKpZXIaXccox37eJhSoENS25CiPqfBp4LLVgHOxzhSUBpNuMUIo5THeYlCi4cpgumgcN6itEVrgQ3I/NzJvAWZIqnFuhZBqMAbfFYn45zFGJnXvZP5WmsRdXFeHDqlEHqxVK5T63zmGCZ44mxzosVhCyJsakEnaPJbGxV0LEwNCOzAqzbeW4yRqKtNtTjyWLzeRBuFjXMAmECyLM4KRaj3KUEQYC2YwBHHMUYVyRc01sfYxGOdPPPK5yTyqVsoLdFnXA7lBfIDQjfqXU6Eq3QCPpS20ynWysZAKY/3SjYHKsjEuWJMkG22rM4i+LIjl0J4wdujNM63wIc4G2KMiIFZ30DrAloHuMSBbkrmN62ggk28C6WfghZY0RDwCqwXJUrxvj1GibNulcK7AO9ScmEZxxou1WgNyhewJpa2M3nidkwQGJTXWN/GaGTDlGXCP8624yD/BJjzMVoZrGRISFJPsxFTrzdpNNvUa9BqOtqtmFa7TRKnwujgARRaa8LAEEaaYsFQKodUKiHlcki5lCefD1ChxzpNq+GZnd3k7dO3OPvOHOfOzlGrepxT2A5GWcvO3om3vOUsS1GVOMcdn0WcDS84wq2ojRQpemQiB4/OVPXCQDEwWODe4xM89Mge9u7vp6uSIwyCrePt2I59sGULwXvMeY12Cbh5aL9G0v4GNn4Rl1wm8PUM3mRAxyLkg0x5LtsQaqUw2Vj/8KY+cO70SmOJiK1mbW2Qc+f28eprB7hwdZqVWolYGcrWkNAm8SFa5TAqRnkhW3RGahnUB+8Rduwn0DxKnFdTBx+hfYRXDfCg0ExOdzM02seVS3NsrMWSLXQOrSWSKNHtMJt/U4FAKAloKBXgnTi3RinSVDKQYRTiXEucTxSKQIIfSgFSk6JUIhF7Qrw3OJ/JzbsAT4IJLc55Ob4C72PwhjA02CRA65DU1cTp91qcyyQiCAQi8cQzR7l8cY47t9bFicOBluCK1oB3OJvH6AjrN2X9UOUsot3E+ZQozGNth95N4IgCd1LgIpQKMgiNRasgU290ON+ipy9i775xWg3L2bdv4qwiCELZdKgUb4VVyQQx1sUZjENjdEhqW0SRQBdtKusa3qO0Fgfbi1OtVSSbDi+c0fIZBDqH9y00xSySa1EmxtqYKMqRxJItkQ1DSBrn0WFNgk1Oo4xFOYGBoVUGTZGiZryVQmLvhAsThdaWSleO7l5YvNOg3QJNGa9TgV34Elo7HC0UgRTPO5mvPgkZW6/IIBbbDvIHsljAe+f1j3/j/IUxZQQHrhRGQxhAqaDp6Q4Z6C8wMlJmfKzCxGSF6Zkedu/uY/eefnnt7mP3nl527+5lZqaHqakuxsbK9PeXKJcLRGEkE4QCpT35nKZvoMTYWB/T08NUunJ416DRaBAnkpJTyG5SnFzEMdY+q/J/93/iUHuJeHV4TF1GuK2UROy88Cl3VUKOHh3nqWcO8qnH97Bv3wCVcoTRQm2v8Dse8o79EPvgseEUOK1RphulJzHBJJgSzrexrgG00EoKuUQ5EoFqaFk0O9CLj9befa0aReAdxrQod60zNLTIxEiTQFsWVyy1VgmdBiijswrBBKPjLOKkcCaWZ+QTxJf8cTeFwNbwnsBo0jRF6wCjQqxLGBsfYnRskMX5OrVqItFL3aGTE3w1eMFuCzgVlKTMnZU5WFyoAOdiwlBhbRvvHMaE4rz6TGLdWwITorwEKiT1F73rWiHNBHUM3hphX1IOpW3mnIoTLlAPi8n+DQJQ+Iz6rs3P/uUHWF1dYfbWqsD2tMBYNAE4g/epwCoIBVpiheZToAUOoyKcU7IuZU69Ni1cqlFEaC2iM0blUFpgJMoJPzba0tPTxdTUEEqFzN3akKA3ZFHfNoGJsraRDbkmRKExWvib00SBE4EQaGeY90KW3XGiAOrN1mZegDfbtUFaKaxLRYHPiGMb6CJxkhIGEVonOBtkhcLb1JPGhBK19k7aXWnwJuszAVhrJdcgarmeXE6za283px7ex80bi9Q3LYrMeTZtXCrwHudaaHLZ1QbZOvyRT4p/8UwJTE7h6e4qcvz+sR0H+S+aZRkYATYolS2C8lLyaGKMIQgMURgQhSG5KJBXTv4Nw4Ag1GjTiSKoLCUn/ajQkv5xDq09hUJAT1+R8fFedu3uZ3r3EEOjXZTKGohJ4mbGkyypJ5mLO/hMI7glskhzBvdwWeGJ0hZoYYImvT2a/fsHOfnAPj79+H4ee/wAR49NMDRcEraKTtS5Ex1UOw7Ajv0we/+8pJFIkcXjdQBBL8ZMEJhBUnJ4XwO/mUWTsvXQe6Fwy7Jn7z/qR2HbR9VeYVwAJsV5iHRMX88aw6MbFIoK286xUbMkNgATSkTN+2yxQlK+dOaGHfu4mFEppbJl34FhRid6KBYDGvUG1qXk8jmUSlhekOhe/2BALp8wONjH2NgQ2iRYV2dgoMzuvRN0dxeoNzZxztLTU6BvIEKbFrt3T9DVG1Krr1Eo5Ni9e4LxyV5arTpJG5Q3DAxFTM/0MDzSRZRTtNsJNlWgYkoVy/hUNzO7++nqimg06sTtlCgKGRySNSPKGfbun2BouEw7rtGsp5ggwtNiaKTCrj0DlLoCkqTGk585wvUrq9y6sUaYcwyPdDOzq5/e/jLOWeK4JXLRKqFQabF7zwBT070USgHN5gYuDcErRsdLFEuQywfs2TvK2HgfzUYd6xKsbVMqa8anykzv6qa7JyBN28QtR2gCopxns9pgbSWmpyekuyciDDST00OMjvXRam8QxxINtjYll3fM7B5gelcvpbKiXmtkcMMGxbJiZLSHqV1dwoucJsRxG6WgqztPT29EsRhQKZeAlImpPpRuMz7Rz/TMMNo4arVNrPUEJsK5Fj09OXbv62Vioh+Uo9Vq4G1EsZijp1dTKHp6erqIciHtdo1iSTEx2cX0TD89vXmSdpM0bdDb280DD09w9PgkywtNqusxcdImCNr0Dzv2H5iiv7+AoyH6C16hjGSDf1yz4l8o+wAHeQdi8RfMbFa0Jwv3XR900qkftCa+p4s8d//ewV/obQc5g385l6WF8AKpyCIRzTasrtVZXtpgeXGT1ZUG62tN1labrK83aDQSmo2UdjsmSeRB8k6iGUEQEOVCwhyUinkqXQV6e4sM9Bfp7y8wPNLN8FAvvf2GfL6zO8/GppKoAF4Jz9zOuNuxH8myDVX2sycRB5kQKdFLUX4J276Ga36dtPlHJOk7hGwQdvAVygNGKtFV+z3H/7Cm3jOWPdpnhVU+wLoUHTi8iVhcnuLWjUm++dYUp1/bzfLqFCoCRVvESlBSpIgUiX3sTW397wfbFi79x2R/yum37ENchtYwNOT5/BfvZ3V1k9omlCslrl1a4tKlWWb29LB79xCvv3wHpRSfeno3SsdU1y39fQOYMGFtbZ24HVAqVSgUAy6cv8Y7p69x+MguHnz4IFcuX6MQdTE6UWZpaZmNVUUYRoyOl1mYX+G7L5ynp6uf+05OEqcN2m0oFMvcuLbIpQtzlLty7D80zEB/BdAUijnWVqu88Pxb5KIKj3zqHvoGFXduxeRyAcOjOTY2mnztK2eo19vsO9jL/SfvJbUt6o114jjhSz97kn/xj1/ntVcucOT4MOPjY7TjTNrY57h2ZYEbV9cYnypw8GgXXV0DtBoSXd2sbfLi85dI2opnf/pe+gdK3LqxQRgEDI6UqNebfP0PT9NsNHjk8f2UigVaTZGzrtcSLpxfwDvLsfvGaNRj3nx1lsPHejl27z5u3VxDqxx9A0WC0PHNr7/BnZttCiXP5547iXcQpwnFEly7vMHZt+eJCm1OPXyQ7u4e4qRJFOaIW5bTb17l1s1l7jk6zeGjY1TXW8zN1tnYWOTLP/coVy7P09j0lCoB5XKF8xfO8OarsyRxgUOHhrjvwRkazTWwJXL5ApcvX+Hc6Q0GhkucfGgIY2BpIeHa1SU2qhvs2z/F2GgfaRpTKXfRqLc4/dYFQtPLcz+7h70HR/jW12b51jfOsrh8hyefvodKt6ZWBa0L9PTneP2189y8VidNMtfjQ4ztnxS7m8ViC2Lx9/7uTgT5L5QpexfEINuYZgkbiQbz/tHaeX/rdXd/Kamg3urDbWdiC6fViVYDSnmCQFMpRQwPdzGze4B9+4bYu3+IPfuG2L9/hH37htizt4+9e/vYs6eXvfv62LuvjwMHB7jnyAhHjo5y/P5h7jsxxYn7Zzj5wB5OnJhi/4EhRke76OqKCELhZO4U+mlFtjkTTLMSj/mu+9ixHftB1hkn8q9EViMRGPEZQlPlUWYcY8ZRKkfiNvBuFeNSTMap7ZTH6y1A/4/B5Pq88lgjeBCT8QBL5khRyrcYHr5F30hCbU2zsVIh6VS4o8AHWZHW3ZuCj7F15qUf8vqxm5J5sTMlfdDrw15JEGruOTTKT335MV568S0unVuR7nUlVlYaTO4qs//AKLM31glCeOyJw3iXcOnCLFFkOHZ8ikIx4vzZWdbXNhgez9PTW+Tm9Xn27h/h/gd2c+7MFeZn6+w/VOHUI0c4/cZ1bl1fIYwSTpw8yKWLlzh4cJqZ3UNcuTTL7RubhEGORrPN2mqDYrFMX1+FZr3NwvwqPT1ldu+e4taNebSKuO/+XUzvKXLhzDI3r89hog0eefRe3nnzDtXNJX72Lz+G0ZqL5xZYWV6nkC9yz7FR3nljnrW1TR5+bD+FQo7zZ2+yurxJGETELUgTx8mHpzh4aJJzp1e4eW2NXM5x7327qNcarKys8fRnjzIx1cPF8ze5cW2Jdtzgs8/ez+nXbxKFAZ9+eh/razUuvLNMq+FQRlGrtsjncxy5d4LAaG5eX+LAPYMcPDzD1cu3mb29itJ1nvzMcebnF5i9tcZDj+3jkU8f4NWXL3Pr2gbOt3HWsLy0yrHj0+w/OMHy4iZXLy1i05T9B0fJ5QxzdxbYtWeAY/dNsTi/zvWrC/T0wxe/fB83rs1z4cwKq2uz9Pd389Bju7h04RZKaX7+Fx8jzKWcOX2FudkawyPdTEyXWV9pUekKOfHABGGguX55jbk7NZQK6OurYG3C4twaxUKRo/eO0Wom3LpaZXAMBgYrvPK969y4vkSly/PTP/sQi/PrnDtzm7WVNrv39VDssizeSWjWoyx48AkoePiACHIWLt6xvyimEY5JMjU8ELwv2goNmxLpVa9EcEN+vnu5dCjaKFJZQN6TMvZIpTPKZqFkGfgKiR57b1A+A3V4MHhykaKnJ8f0VDdHj47w4EOTfPqJGZ7+7D4+/9xhvvBTR3juS0f5wheP8JnPH+DJp/fw6CN7OHlymsOHBhkdyVEoZEUXGXZMcFo54X9V7q4VT0kRyIdccHbsk2YygCxOWCrkkcEIgREejVMhLtqDKX2BYvnnicIH8aoolE5KibS1+QgWgg/03DpPqDylHrBaEyupxDcOgtQRqARMk4PDV3jm8Td59NG3GexbQGfFU55YCqE+CQvWJ8k8JG1Hq5EwMjLA+FgvS8vz3Lx5nbjdFDo2WQ5QPqSxmXLh7AJn31rgyoUFNqs1lharvP36AlcvrrI4v0guCoThwCoWF1Z59aUrXDm/wbUrCwSqyBvfv8aV82tcunATow35KE8St1EqZnyij77+LubuLHD75iLtFrTjmCRtUCxCuQLeN0nThK5KDwpFmsQszC/xxqtXuHapyVtvXEMpQxQWKJVyHDw8zSuvvMnbb9zg3Ol1Xnt5lo31umBvXUjcdhTLEZOTI0RhketX5pi9NUf/QMTEZJmFuXVef/k2V84v8/brc8zNzvP4Ew/ibBujNUuLK7z1+iWuXFjj9e9fJYqgkMvjrKHVaDPQ38XkVC9J3OTa5VlWl+poH2WUgB5nNTZRLC9s8s6bN7h0domL527TrNfo661QLhV4/ImTnDv7Nm+/tsjVi2u89tItzr19h3arxbFj+7l9Y4GXXrjE+bcXee1717hy8RaVroDBwS7wsLrU4Nzb89y6vgIkNJsNzp25zOXzq1w4c4fvfvscAwN97N49xfhkhd37Bnnhm6c5+9YSF88s8vJ3LhOFBSam+yiWImrVNpfPz3Hh7ALry5akDUnaIF90dHVHeBqYoEF3d4mNtRa3bi6yttLg0sWbtJoxBw/vprtSJoktIyP99PV202xtsv/AOD29FSDJ1uxPpmnZ/Xac5GxWf9fk/r6Z/uNrd+0VPBkeeGtZ63zotpy8re/6zg7r7kVwOxLVyQB28MVyLPl7+VvB9tL5PCMs916iv2ydv3NMlSnm3R3tklXZ+w4f4zYWI/tEijcy8nB5XzDIwgMqZ+gcbavbvWAdDRqjNVp7ggAKhYBKOU9Pd5He3pK8+sr0dBcpl0NyUX6r4E5UeLJigs59ZCfrwDq22kZto3zE5B6327CDiUL+fW96devXrO1/4Ktzxzv28TKhFNx2UoVtRXIoFovGBWMEhc8RlX4OcnuItcOqTOoc7goNvsfZVTp7/VnnRBl5KnOIpfBG471Ga5XxycZ4HxDS5Mj+WT7/1GucOnqFcuSkIp8AS1sov97riSu26KQ+PtP29rz0g15/HrY1H/+A14e1NHVcubzCS9+9xMR0L099fhef/8JxRiY02liR4DaK1CZ472i3Y1rNFJtorFUkSUy7ZUnjPM4WsKnQZCofYhNF0vY0G4A3xC2DTRX1ehPv8uA0adpE64CL5xe5c3uNqZleHn9mN489vovJqT7yOc/UdImj9w4zNFKiWIgoVwy5nBTeeZdgDNSqLeoNj1IFXFokTS1Ka8qlHvI5w9LcBnHSBgLqjRZxLPi6ZjPh4vl5ms2EI/dO8PRn7+HkQzP0DhgqXZ5iybO0uEzc9KDa1DcCFuaX2LdvVArXvKLVSGg1PMoViJvR1giprrU5d3qeQiHggYfHeeKZ/Rw5Oka5bAARpNFanCFrU9LEE7eNXH+sSRJPoA3lcsTkRB8Xz93CxUVQ0I4VtZojdSkDw70srWywttbGeUW7aVheXMfaJt2VCpqIRs2zuSGCKChwqaJRT3EuxLkc1dWUVr3B0MCg4IGdZfbGJklLqO1WFlu4NKCru0ShkCOJYzY3mzRbDq8sg8MRhw4NMTxcIsglVLoN+QIEYYIxOWHx8SHOSRHo2MQwuShkcrqHe08McfyBIfoHSxgt9HbeND5BDnLHM9i2jqeUmeykPqnm6Tio0gbbyl9Zw3n5+W7HdOu9jJtUPt9u5Lud4+0jZc6tB2fvcrg9GdVLFlH1Hu1BoVGZo6q8AC6E7jDzKL0SPzLjt3cEiOhtFn0mc1KdF+fYaZTrONHqPfeSOanctf6+ax2WUsGOapEUD2pxpBEGDuFF1ltKRdnFAlnFNTq7Zyk+8tnHnbbfkpPONhOdW5XvdH7o3H/n9u5ylrPPst+2TN7evpbOfe/Yx8cMmRKoDMEsGyHUThpDkClLOTOGyn8Gnf88LhzEKcBL5Fl1jnG3ZVCnbajSD7E/bWhlj4S2KcYliAi8J8kc3MClpNqhfcy+0Vs88eBpDu67Ri5qyeZXZ476+67lYzi2t57zH/L6cdt7m/UHvT6EeaBWt3z1K2/yrT++xMXzcxTzBR5/4jhd5W48LVHG01qo27TLeL2TLCMIXnusSvA6FefLW7RR+Cwl6FWKV4nM3SpGB228C0ltRhmmYWXJ853nr/H8H13j0rkFxia6OXFylJHRgEOHhqmUC7z6vVm++/wiVy5ukKY+m+uVSBIrhTIKq5o4r/EqQemUpKXwzlIoRBgTSZFs0ESpEOfAWsWlc1We/+MrvPziZVZXVjl4eJD7T+5Ca41NFV3lrmy9c+igRXd3iYX5DYzRWJdk2VWL15kqovJY70lTxenX5/nmH73N66/cwruA+x7Yw/5DwwShrEPyJIm4h1cJ1qUokwkH+QiUpp3U2Kym9PcPgKljnRee6UCk0jc3a+QLhlyBbNWylMsBgdE0GgnWWzAWp7KXV2ivCYI8VsWgIcp5irkcrVqLRq2F1lDuDoS1wqcUSgptLK2mI45TrG9k/W/wus3oeIWuSg+vfe8m3/nWLS6cXyduAioVmjkX4FyEMgrnNSurK7STJrduznPm9B3OvHODt15d4E/+6CJLy+tATsRlPinWeY6V+AofVPL1CTWfKdTFeJ8IROEuCAIII4R3ZosTEjoOV7YadxrXk2FpM+xD580tvFpWiAaZslyQLeJkiGEr8s56GwYhTqVAD7yXqKveEtJwojKkhWi8o1bknM+K4EQVzzmNkqo8yCSe5bqFVq4j8vGjmOy6O869zdpKFJeUkkkcb7cdakzWZmbLgZZRKH/3ruN1nFgl7SibAnlbOC3lKp0TGiyPsGd48WKyNbPj5HSuw0q7Kvn5R73PHfv4mfYFeXb0IGH4c+RyfwVn9uB8SECHzuq9zuefs3kF2mK1Z3LvLZ56+mX277lEEFYzWJJsgHfG8cfDjIGRKc3hI5NsrHlefWmWN988x+DwEFEUCjNLpmTjUSgd4jE473FeAZHMsTjhCPYCl/OILKS1CD+v0qDFfXOZih5axKacDxif7GVotMz6quWNVxa5fXuZQllRquRwzpNahdIFolwRpUJSC8oo0CmJi8VBViHOeZxVGBMBls1qzM2by5x4YC+Hjwyxf38/hw6O0t0V4V2dMEiZnhqmq5znxtVV3nptltpmm4GhPjbWm9y6XmV8aoAjJ3rZtXeAI8f7GR0b49vPv4VLS2hdzMRPJMPjdUsCLTjyJcPMnlG8K3DpbJWz78zhHPT292JCgyfN1F5FdQ5tsT4BE6NVHptKu22sWV588XWO3bebQ0d72Le3n6NHB9m/v59iVOad1y8zMznCgw/McGB/P0ePD7N77xT1zYCFhXWcTzI2mu21sJDX7N03yr5Dfczs7ebkw3uprgdcunKH6zfq3L61zIOPzLDnUJmZvf2cOLWb1CbcvrFGrVbP1j1kc4KTtk8jvC+Qz/WiVInEhngfYp1sFoIgZHrXCJWuPOfP3mCzVkfTzZ3bjtvXPbX1MnOzTdpNwIVb3FKfFLv7bncc5I5lEVqtQ7QKxBnLnF5FFqVFJF7pBC+ysO1W1F2p9y+sygveNxtmCpu5bvI9o8keGMEWC2eiSN9uOd0++/5da+FW8CT7zGeykyJ3KvKZZGfxWcG8MsjONuv1zjHclj8qO+gs0fw+284uqG3ezOy6RFlPo7zBWw0+lXvLCgE7Pm/mu25hKVRWSNXZiGgC4XL0HQdA/lZ1cNZZlFwc8s7Pncg0yB3e1U8Znnvr3Hddu5xjxz5pJlhOA7oC0Ql07hfw0X14Khhc9tR80KLQ2Sz/+M37ELC0XZ1CYYP7Dl3g8UdfY6RfRCC8T7ehFFuX+65fduwnyLTW9A/08/kv3ccTXxjm0adHuf/UHt568yK1TUXSLlPfhNQqktRR3YhptwEMaQrVjZRGXTJv1nmaTc/mZoxzmrjlWVtroVWItY4kUayutHBO47BAQHUjJm57xqe7eOzpXTz22V6efHac8ckhZm+2uX3Dce7/396bBllyXfedv3Nv5ltq7+p9BbrRjaWxNwAuAEGCJESLpBZKokYOzciWLHkJf3DYMabH9swHT8Q4xp88EyPbM46RJWu0mJJMU9xACiRAEkBj7UYv6EbvXdVLdVXXXvXqbZl575kPN7OquglKpLAQQOcvooCueu9l5suXL+//nnvO/xyfptVucu+D67jz/mG27xxEbEY3aeE9tJYMSw0bVvNweBexOO9J0hQl5jtPvsxd997Op352K5/89FY++PAt4CFLM6rVjL13r+Hxn76ZRx/fygc+sou4ajl54iKXL3Y4+NIk09Pz/Mwv38bf+NxOHv34fczMNnn+uRMI/czPpTQWfN5sRHFZzNxsE6ddevoiHvjgTh779A4efnwd9z40zMLiLGdOXaa55Gg2hXYrdMNrtwxLiwpaw7mIzCU0lhZYWkpJOnW+9Y1jLDU8j3/2Dn76c5v57M/fwa23biHSOodePkdkanz0sdv5zC/czGc+dzdxXOP14+M0FlOSxNNodHF5fCYyEfV6xi231fnEp7fzqZ/dxSMf38M3v/ki50cnmJ5p85UvHWDPbTt57NNb+Owv7+S+B7dw9sxFRkcmabW7dNsR3S54EsAydmmOpeYC+z6wmbsf6OPmPT2opDRbCd4rc3MLOOb44KNb2bKjxvhYg2OvnefuBzbw6KfW8OFP1Pnkz+xgx84BxFiUH64HbgTsF/7pP89dLFZuqvLXzrF7DyO5aMsFp3eht7kWaQECSoohjxwXYjJXbiFtsXBgKF4jefW5y9t6yrLHWjHTDXi8phij4PMCtUIUF6K7EJi54C7EIhJ6tYfnh/2CIMaE4gPJ22saQHQ5Ku4JnfJYlVZjzOoF5B+8Bpavi0KYiwAmz97IW5GKoB6cJlizklssRvIBvYgS5+I6bCInNBYpMlgKG2SvWYguSzhmY/IuTwhKiojHezBiQoqK6LIoLj6HYKRe5AuGcyO84dsseR9TNBgovlveCs7U8a6FuFOIm8wvvHxGter6CFdM+J693WQSU1WPGsX7Kj3iGOxfYOzyTYxPryV14epfvjHAtfeN8sJ+T+G9srjYptlMsCJY08/E+AKvvHiWhTnFkdBqtrk6vkSnk+K8Y2pyieZSSFHrdNtMXF1kdibFiOA1YWmxy9TVJplzLDaWuDK2CMRkLmVxscW5s5MIdTLfJk0zrlxe4MqVSdAK1WqdNEs5f+YqR18dZ2qiS6PhaLfbVCp1DP1MTc9x/twVrlxq0WoaMgcz0y2mJhuIcVhTJc08o+fHybIKs7OTNJttvMbMzRoOH7rE+JUmF853mJ5OWWp28FjqPT20WxnHjlzi+NFx2s2I5pIyPbWY6xTD2TPjHHjpFLNTEMVVErfE9OQiV8YaqAqRGURNk9Fzs8zNdel0O1gL9Wo/01MtDh28wMi5edI0Iks9U5NtZqcTVJXFxYyJ8UbeqlvxLmZibInJqwu4TLlyZRxjQahw+VKTAy9fZGGhS7O9yPx8k+ZSGA/HJ2Z5+aUzXBhZwLvQJbC5lDA92aTb7bB1ax/33HUz3/n2QdrNAaJYOHLwPAdfvshiw2MrNeZnZ5mdadNbHybpGA4fvMqxIxM0FiwilnYzY2qyxdISeF8NedidFvWeGsZWmZpc4tLIApcvzTM9mbLUWqCbODSrceVSm/mZlLGLSzQaSv9ALy6Dc6cXef3oVVqtIvf4nQsM/ETJb5kCDA70cO++LcjVq/PBBzkOj2ruw3tD4sFpiOqSL9V7daEfeZ5KgNYBQkceUdBqGJ+MX4n4ikNyIe1po5qE9pjOIib4Bhtj0LzlZBDOebMCH5L3Q6oCYRDXMFKHaGw+o5OQ8wtFSkGgGL5Vc1G8nA9tcN5jjQU8zivW2BBdluBjXEwEVrb0w/EaBISYXLwvH3OxIBOEt3OKtTbkh60azA1Rfq3lalh9sOeSaHm8D2N9kRJh8vaiipUY70MveeiigHdVrAFPN/9cKvlb0PxzWYlE54f3V7zDkvcn+cXlCcvCuaewdE6gjd/GNb+BlcW8a1WR4hRYWaO47kv3NtCNLX0dxYmnbSvUXYwl5amXHuCLT/wsF6+sQ5YL9QoKgVzyXiPcGTOs9OGyRXpq/SRpCySsaWDaGDH4tIaqx8Yp3lnwNbwmmKgDxuKz3nzlLrR3zroRJvbY2NNpWyJjcc5TrSlJkiD04XxKra64zIXmUQyE8UKX8iLufOzxFq9JuIdqDSQBFEMvqgavHZAMxGBjJe1G+T06JZIeMt8KjxuAmDTJiKsZhn5cRsirJkHVBfcAjfEuAvKxSWPEZIjthO+nt3hXR9UTVdqkqWJt3oba9YCdx2gV0DyAEodviwlF8eF7nLsoEfKgQyfAfEWXMDZbo3ifhXbXzoGk2EgQqqSpB7VEFYfzDaz0gO8Bk+F9CxGLkTpZ5hETChldFvK1H3hoA3/3tz7B//l/PMHpkxHEU/jUoh6iqJ9EEyK6iFbDV5sEQy/OBdtKlQ6WDiIVHCGvG99BNCGKLN4YklSJTQ1jM5KOJa54vDqiSHCpxUgF9SH10JvQWtqYCs4TtAppHswq0jnfv4RbZ7DY3bF1LX/rt/Zhv/CFMoIcyAvaxNBNoNnyLC52SLqOzGu40K2EnGEFMRkQ024JWQYmCuJSBDJn6LQh6QLGYG3oghWimArYXMiGL2PSNXQ6BuctUdTJ222GpbNWJ2OpmdJqJSSZYk2EEZtHQsMgHSLAknsJF/VtoY+7V4f3ghDRbhsWFz3NVoZqRGRCIZ1oaP0pkkdvCcK8iCxffz0o4L3Q7jiWGilLS2me4yZYq+F9uRAJtzb83ysYDGlqWGp4lppdmq0u3cSHCYO1eZQ+C3nCJrexw+GyiE4r5G3ZuIj8FhHiFPWCzyLaLYhiQhtWCfl3XqHb9TSbjlYro9vNo802COwb8Uq/kQnfm2J1p0hNqhJLDXEpSXYeqxP5s0Pzm4LrvwdvJ94qcRaig6l1RJEjUqV3sMvpkU2MX12T1xCE734gvLeS9x4ieT2pF8R2cL5I3auGe6Kpoj7CmBhrDWkaxh9rK4jJ612wYVlcBfWKyyCKaqhC5sDaKp6MSAboJh4bh7XEStxPGowgEDzWRqRZEqpHTJU0DcENkTBG6nKn1JCb61XxeGyUjyeiZFmGlSrWVlH1OA1BC6GK1xi0QhTXUBXSNENMGG+U4PMdMq0jjNQRwNgEY30etBJc0oMQxgyvYRwVqeBcbicqHZwzxHENTycErYyGGiNSEJOP9x7nQxDKxor3QpYpcSwYqeK9BZOEGh8dwEo1pFa6PjI8JgpWq94boIrHItaGgjyqiNRCwZ8RRCr4rBhrYWhNje3bt3L4yCXm5lMwDuPriHhsVMVrk0h68YTVZaehcDAM9AaxbUQ8Tn0ovjQeI6HE2KnD4zCR4LzivcFag62E8+3VEVnB+7AOVakL3W4W0kvF5ZOgOJzjG+WeUuin5QjyZuw/+8I//1e1UiCjQOo9jYbjxPErHD44ysED5zh18grjY/P09W+mVjPEIWk4XJhZxKEDl5icaNLXX6VWD+dtdrrN8SNXOXt6BmsMw+t6wmCrNliriQnDmkCSGI4evszhV0fI0hobN8UYE9PpwIXRRQ4fGuGVV85w5MgIly8t4FNDT72PakVW+tYvZ2vkUdI8shscLAyqMZNXE17cf4pXD17gxPGLTF1dIIrqDA7WwrC6HFEthMMPimPV4NbR6SiXL7V49cBZDr86wonXL3P54gydjqN/YIC4UllulU3esc85YWEBTp+c5MCBcxw6cJ4Tx8cYOT/N/FwXa+pUq7XgiSkuF+iQZSlTVx2vvjxBswFr19awURZ63guoBIFz4XyLA68cZ/OWtcQ1AxqFKt2ZlGOvXeLAS2c5cmiEs2eusNRIqNb6qNejvEFOyY3CcuYS5ELZ5q4wdUQynJ7DJMdXv2Llxll8Ud4JHGGQtuBF8KKQQLXHcWlsDZeubKST1lYJ4vyNXfNT8p5BBJEqSZoRRRbRXsSmIZpHaEmOCs6lII4oihCx+e+KMVEeVPAIENk4pAOKrgRcvAcyjKlhTYQnCa4NIUQdorQmInNB7CIh0GKjKA9IRHnb54jIhqLALHNYC8a64JohBoMJYlAdmWsSVyKyzBLFNVLfIjIVvPNEJuQrRzZoPoNFfIyIBQkiXL2ERlfG43xG5izWRiAWsT4EY0xe/J1f9qoGTBLEoXOoxlgLXrqIDcEuxOZF6eFchbEqtHc2xpK5LiqCiQS8w0iM9x5HCxOBahWVDCTYxKkzGKmEdMdiVUoM6j3GBhs5X/wbi1dDY7HB4YNTTE616eoiQoSVkGao6rBxkjtleNDe0DfAhihvEO4pqBJFFrXhcxRfJZIa1lZwCmItxhiyTIK4xiH0IFTIfIK1ocgzPO5C0yJfIY4reG3hNUwmbgiRXIwNAoP9uUD+p2UEOUdoNDK+99Rh/vj/e4IrY4v09WymsZDx3e++wksvnOSW3WtZOzwUfB9xzM+mfO3Lz3Px4iQ7bl7P8No6IJw7M8lXvvQCT3/7EHHVcsed24kiECSfiRqcKirK1fEGv/c7X+cbX3+Rnp5h7rtvC9ZaDh24wu//56/zysuniaMhXFbl9ddGeeXlV3FpyubNm+jptfmSVpG0y7LHMXn0GBMxP5vy+7/3VZ781sv09WxAJOa7332OQwePsHfvHoaGe7BW8C7kVIf06FzgXoOSZY5jr13kD37vOxw9fAaXVPFZlcOHTvDcc6+QZcJtt+0gjsPzFXBeOPn6GH/6xW/xxNefYXxsAXU9dNsRI+fHeemlo5w6MYJXw9rhNfT2VfMrFZxTTrw2we//znc4e3qM9ZtrbNraj5Hg+uE05B5/7+ljfOUrf8EHPnwvg0O9qArT08of/sETPPXkKywtKoY6V8ZmeH7/QS5emmTjxg2sHa7nudjXvs9SYLxfcWEpsnBHEUE0fCexTZCzaOtAnoOxEj0ubpzvVApDRQyZCUvD6kBMD5HpxZsOs/PrGb20nYVGb5gAE+4ty3f4PDv5nTnSkreCEJW1mCjBmAxNq4hxuKyCGEVMikGIY4OS4X0QYCGFIRR6eBxInp7gQ8qbV0cQjSFyEkUh+myM4H1GtRqRJF2stbkzSigCDf/2oCG1DZJ8bJDcMizFe4e1IY0iy7JQZ+MFIyGaamyGsR1EBO+qePXE1TaiLazxCD5/PqChwNzggnVdmDPkk4T8mlZDZENKBZLi81QC50DF5KkTHiHOewEoxhpUQ+G3oQfNasW6K6IWwQaLOg3b9w4Qg5EIEXAshRQ9YozpYiKHdwLSxSLh26cZRjIqEbgsRVSJjAkC2uSBJe9CjZG4fKJRIXMtuklGknmiqselvUQmuH9EJiJ1IUrvnWJNLTiD0M09iquAw1JDfS1E7m0XY9o4p3hXxUSW1LUwBiJTB5PifIo1FdSDjTLE+HwFIvivG6mheJxLMVIhivK7yDt03/uJkt8+DcJgfz0I5C/8j//iX9XrtTySllt0XXN3vTFutZnLGLlwha/+yRlu2rqdf/YvP8tjP7WZDzy6ldvvupVnv3+ZxflF7tq7h54eEOnQ7sCrBybxrpc77lzPurVVRA3jVxu8dnyG0QsJtmLYuXst69b0I14Qk+JUEWPoph0OHbrME18ZRcxadt0+wIP7tuG85Y/+cD+tZp1f/3s/xS98fi+PfXQXD9y9gcuXDAdevcTwBsvNt6wPH41WguVPLipFHF7CjDrNPOOXPH/wn77D3/61X+Jv/db9fOAj67l5+16e+fYldu6psnHTAHFFEIlz27Qi7yivX1VCzpdkXJ1o8t0nR5iabPMb/+DD/NKvPMSHP7KTfQ/eytxkzP5nT3L3g8OsHxpCTQsvFS5cnOf3/uNBRs5O8Qu/+EH+zm9+nE9/5mY++rGbePxv3Mn27Vs49fo8hw6eodYbsXPXZmye8pE5z5XxGV568SJXx+tMzUzxoY/uIo4ijBdwBhM1OfV6g+OvzfKxx++kbwCcT/nuc6/yygsTfOZTn+A3f/NDPPbJTXzk0T1E0TAHXr1AozXHrps2BUEe0qBX5cEJ6s1yoWDJ+wMBjAZ7QEweSpaQMuVFcb5Bd+koEk1g1WIVvEYhuiISZmTvAGrDfowRcFViCc0HssiQdnoZG+tnZnotLh1ETbDqEs3yL2uo5H//37XfP4TL0IU6DG/BZCiCSJavcIRUteDEGaQZev0cLjgxLd+0ZSXYFbYvK4I0b6DjnYToM4T0Pw3L/yvjfuG+lC+1Fc/JI84Q0oAktxwVIQ+LZPnxVfLVvtxhyUXodeNVeBvBnzzsLS8CQnK3obzeBcmbaoUCbcHmYp78HOW9AggNqSTfuODzCW+2fD5XE56bv0/RlcmxKkbj3Bc9n0T7KP89DAzhVSGC7T0rNnNKOE/5cRe9AtBQ+B+8/m3uIlJBM0tkDZmLUevIpItof/B11owoAue62MjgMhOsZk2WvwOHSJp/9vXgW2wcxqQYsYivBtebPBXTGkOatvP0R4vzBtU6cRyjdhGRBHU9WOnF+yzUFt0Id5P8kgNloL/Ovfu2rPgH3Oi0W4bzZ6qkWQ8779hC/7Dg1FPRGnv3rOeTj20FM8/i0jSZCwLKSITH5zNcwhdICLNho/T1R0xPz/LSi8eCk0TUBV/BmhifCVcuL/D8M6ep1sMSFWRIlDA702BmeoHb7tjGTbf0YeKEzMHGLZu478ENrN+U0GrO0W2FWWzxuRoh2Lu5CJ8S5rdqmJ9rI9YwvDHGxHNYrXHPvgH+wT/5ALt27iGqEAogFNT5lZsxmhfIae6rWWF6qs3ViVk2b93Ath07sJHFWBheF/HIR29l65ZNTF/qx/ng3ZxkSzz97VdpdWb4pV/5KJ94/CHWDPeCVFFVjBjuvW8HP/cLH2LDxmEOv3qeM6cuL9+kRTJEe6hWK2za5pmZucr3nzqFd4KnHZa7iLEVk1vUhahGu6FcPJvQ37ueHbsGqfUHO6NqrYe9d+1g7+278YnQajfw3iMm5K6pCs4H4/0QnSl5f7F8F4RcBoTrXPLIThUj1RVfctGQu0gRhXtnBgpxMZp3STPWBGN/Ooh2WDPUYGhNRlwNhTQUVpP5pFaKaHdJScm7nPB9jeMKNgKVeTwzRNESUWWairVEpk6WZcHr2FdCsaFpY/MUiyC20zwa7EFCP4c0TUNaiLaDs4ftRbSOz2IqcQ+oxWcWJMHGbdI0IWlVQKsY63E+wbC638KNRykBcozNiOozNN05UtelnVRJkzpiM+LKIp//pXv49d/8NNtvHiaKo5DjipCkXZxP82hU3rVIDL29Ne65dye7dt7EmZNXuXhhgswnYa6q0GymvPjMJc6cGuNjn7iPnlocCupcH2KrGAPz8w0WF5JgbxZ3IU555OM7+cdf+DyPfeJDVKtVvHfgHCb/MG1eVBTFCiyhZpFtuwYYXjfM/v1nmZqqo5JhbYcPPbyT7dv7qVUivAPFYW2Rl1mkWehyJb8AhjpJAguNBkka5t1ZllKrCvd/YA3/6Asf5v4P1rAxpJkyM7PAa4fGuefenTz8sZvpHyqiEAaxMc57TJRx/0MbeOyxh8g6VV5//QLdNAE8Lgu5W4MDwzzy2C4e/NDNfOVPTjAx3sLYEL3IvMc7xfkUkxceeFehYi3tVoOl1jyZJPh82eqmXb383X/wAL/+G4+wadM6rA1LkUEXC8ZUEHJ/6JL3GYVyvP7DtRipYqQXa3oRCi/ulVSLEBUKk8e3G/EGULx41KT5tamIg8H+eQYHW0RxNzgJiOYRLZNHs/LIeElJybsYgxBaYqeJJ+kIhl6qdgtka9m27SY++vE7qcQWMNjIgkbhvuA6aLaqgE4reCe4LHfJkjrVSj8iEEUepEM3nUZsnleMItbhfBd1YPBUbIXe2npcBkiCmA7Od0Oazg1KKZBzapWYnVs2saZnE09/51WeeeYACd3QltYJvYM11q2vo9oJSy/5slSlEtISnAsVtmEZxeB9ytCaiJ23bKG1BAdfvkLWreTWKbDYaPD89y/TPyTcd/92vIeKrYFdZGitsGFzL6dPneeb33iRK2MtnLOkTogrEcNrehnsrxJZE2aT1oYxfJWiU5eB76dmh+jrM+x74A5eeuk4Tz55iDRpYYgwVIniIIxN5EJVshN8vhpTNEIJ+Whh88Prerh511bGxub55tdeYnTkKlGkIbplmmzc1EdPTw8Q8qcun09YmEu4be92evpT0qwVbHjyhh9xZLAmI4qbbNpao79/kPkZR7cdCgyNiUNenYENG3t49LG9aGZ58onDLMwLakP9iFDY+bQxKIMDMbt2bcKnwrNPX+Tgy1MsthYx0SxRtECtYujvHaDeE16Xz2/CuctPY1huK3lfoYSoTfjC5H8Iy8aharuCoRryGHNEijbz7yCaYOPQ1MeR4bzBiMF6S8V0ieM2Kh28dsMqj6w40YRo8jt9wCUlJT8WGoHWQ6F9lIBpA23QLs4vsnO35dM/cxt9AysFjU4TRAxx3If4KqhDVNCshtEeKrZGJFU0jUk7HnGGrBtTjWtUKzHqUox40iTDZ55qxVAxPWhaI+1mQBODx0qwvwuuUDfubLsUyDlR5Nmzq8av/Q+PsGntWn7vt1/jH/361/k3//q7fPs7J5mZy8icEEXVcNo0RDZFNFirGAsmzLSsqRFZS7UKe/asY9vWTby0f5RjR6fxZCy1Grx6YITFxSU++al7GF4fgfOkiYDvpRrH/MrffJy7776ZIy8u8D//w2f5X7/wAn/2x0c5d6pN0rb5kq8PjTWKsTCEfcNyi6SI6dDpdDlw4BgnT56mueT58y+e5MmvT9Bsh5e6PGrabnpmJru0O7ngzIsLMheKBgDEJGzcUuGnPnMrD3xwE888dZb/7X96hn/5j57kq386wqkT83nmVxc8WGO5PKrEcYV6TwQ4oqiKGBssjRCcy0BDhltvf0a17mk0MhqN0A1QRLG2QlRJMRKzddsmfu6X7+ZbX3+Vp/7iHEmmKBlZWiGKqnlVs2Ij+NjjW/ns53YzfmWa//PfvMD/8k+e49/928Psf2aCpYWQ1+U9OB/SSAqBXOSX/WCRYknJO8MbXXsh7zPP/fzBh0tKSt5DKB7vu3gHQkRkhHpPRNLpEpsaEb1430FI8wJ6JYpCcKnbzoiiFlHcQWyXKE7xmpKmKWJSoko798b2VOIqnRa47hCRbAQMlUrIZ1dVrE1wiaNSgcxNEsUpLrWI78Uldby7cWWi/cI//Re5iwV5NGVZJaziBrgb5znFG9b3se+h7dz3gY30DcRcHF3i6SdHePmFaYbWCJs2rscaAXF0Ezjw8gjeWe64cyNr10V4tYyPLXH29Dg9PRX2PbSLSjXiyMELZBncdtdmZudm+G//5Ri79gzzU5+5i27a4pmnzrNnzw723b8VJKV/0HDXPWt56MOb2LStyuJCkyMHLvP8s0eZm1tk3fohBgbrQRtrsIJRkTx/2ILGLC0pT37zGF/64gH23LaZf/iPP8XGDTX+/L8eQRV27OqlWnU0m54/+t2XOHL0BBu29DIwWM/PBxhjQyMRBU8LYxz9Az3cdsdWHnpoJ5u31llaavHic5d4ef8kV8Ya3HrnTmoVweM58kqLi5cv8vBH9rJ+Q53IxEju04ho3m0vFGU0m11OHB+j03Xc/+Bu+vsisizjyqU5jh0dYdeem9lzRz/rN/Rx9uQCR4+cYfetG1i7oZ+Tx5ucOnmGT3zqNoYG64gJhQzbtm9k30M3ceveNYhJOXd6mheeGeX0qWl66oOsX9dLVDF5rvVKagkEe7o3Eiol72GKj1OK/+STPwlRW+/P45rfA7mM8WDE4bF5IyDyZjZvf3TWaA2nGvxZifIpm0etJ816OX56D+dGttPp9qG5o4toXpgn+TG+/YdZUlLy18aD8SFoJBm7b+/nb/+dT/Lzv/QI992/GVudYeuGPby4/zTNVoo3YSXJO0Nfn+ejH9/FL/3qPn765+/k3vt3YSRmZmaBrTt6+PlfuYv/7tce4LHHd3PbnYOIWWD8yiQDg8Jnf/EW7v/AWj75Uw/xS7/yCLv21DHREo9/ah+//N8/ymOP38Ps3BSzswt4TVbdK9/n5MOBQO5iURbprSB5VVacMe3/IOIAACtuSURBVLy+yh13bOYzn72Dv/1b+/jFv7mPTjbJt544xOmTM2QpqChes5BDm0d1NG82IkawJkbVIMaxdUeN7Tv7uHRxmjOvL3Hy2DzTky0e/tjNrFs7SBRsH8lcG68JsRFiiRnoGeSm7Zv56Md38su/dhe//Gv3s2nrGl5++QSvvHia+bksLKdGwepNUVwYx/HimZtvcPjV89SrdX7u5z/Cnj2DfOKT+7h73zae/ItDfPep0yx1hGOHFzl9cpENmzYxONyDtQZjTB5RDbm5ALYoXvJCf69l1y0DfPTju/j8r97PL/7qXrbvrrD/+aM89Rdj+eq1sG5jsBFqNDp4L8Ua97JZOmpQZ/CZ0G2FqHxPryGKFHyImsWxIFSJbIzF0dNr+dzn76FWF5575jSNRYgrnixL825PwZ7I2hb1noQtW3u4b98Gfu4X7uHXfuNxPvjoXq5MTfDkt1/k3NmpvPIZRHwemQ/FeuUCy/uRkFIRrsLVN32HShevTZxv5dXyIc3nmqCBvDP5eF4yFBO8bH2ESGhp4kSYW+xnYb5OllYQrYDm9x71ofFJ7l9bUlLy7iUUhgeXil17NvD4pz7E9NQ83/jK93jlheNs3Xgbsa2SdMI4L8SIVujrV+57cCO37N7A2dfneeK/Hef06xMYk7F5S5V779tFT2WQJ79+lGe+c4YkSfnwI/eyZet6RDw7blrH1s3bOfjSOb76lW9x5x238rGPPcjV8SZP/PkBGosNdu3eQk99CHwfoivpZjcapQLIaXcSTl8c4/zFqyRJTGwqDA9V2bNrkE9/+h5+9ufv4tLoIkcPn6fZSnNrFXJbl+I0hrwdMQ7v8haUkWXTtjqPfHwPNhK+/GfP88L3x7l553ruvm8ncSUOZuJYRFpYMUyMLXD2xBidVgYe+noG2LF9PR94eAc//TMfpr9/iJMnrzA12URssGVz+WAu+Xie6iJTUx3mp4UPPXw723ZYYpMwOKT8wt98gPs/cBNPPTHKV//0DF/64mv0DETceuc2+gf7Q0unvM02pLm5OqSpMHFlkfNnrrI038EaqNcrbN+xjoc/tpvPfu4h+ocG+PpXX8b50JVn846ISqXGxPgU3W5n2RWDYonJhVbXxhhmpto0FroMrqlS74nz95KQpcGjU0yKUKFaM9x+dz+f+syHOPTKBV7Yf4xWezoY1ksFI5b52RanT84wPZFBZuitV9iwoZ877hnk0794C3fu28bIhQlGzo+tyrdekRUiK50JS95P5DnHReQY8kIXRUlRunjt5JXhqydLRZS5eP3bizcpYlMiu5xijNEqTmOmZ+rMzlrSroSGAYTJrJhc/BezvJKSknctRalAvUe45dYhtmwb5Jtff54Dz49x9NAFTp24iGceYwmmAC4GKgyvj3nkY7cxfmWKZ55+nSOvTPHcd8/w2pHjbNxcZ2ionxeeO8Ur+y/x4rMjPPudc8zPznP/fXdgjaKZ5cSRWY681ODg85doLrZYal7lyMHTHH55nLNnT1GtL1KtJyDt4Od8g1EUP4bQ2Wpu0Pvq/FyXb3/1PH/6hweYnFpATSe0No6EgYGE227ZCm6Q+bkGXj2qldwWKgJvEDIMFqPh3yE/waPSoada4bZbNrN79yCvnxzj6tVpPvKxXfTVI6xpk2UGDGRSwRk4+toUv//7+zl9ep7Me5Qu1mb09Ri2bq8zONRLa0lot0MXJdUIXBWT+y4qBPNw18X5BSKrxJUqGcHLbOe2Gp///IfYfcd6nnz6OJemJ7nvQ7vYsX0ddWKMLwrUBLQnFAHgSLsZrx2c5A9+7/scPDSK1wrgiazS3xNx07YB1gxUmR3vkGkbgB3bN7B9ew9HXz3D1ctVOklMJlluBq8QpWikjI0lHDk8RbcrbNu+jnpPHhXXCo4kWFB6ATpYhP5aHw9/+GZ23NTH1790grOnMxISHILXKqMjE/zJH77K9757mrm5JoIhMim1uMOWDQNs3bAGzdq0mml+zRsgDb6TRe3W9d+NkvcBQfiGfmN5tkS+WmD8IlFykopcxnoJE7jcV1zUhPSllbaVbyvOQOyi0J0sisIE2nYxUZdLkxsYm9pOO6ujJg32kJ5gxYgEO6gb9UZeUvIeIbgjG6rViLXD60iSRa6Ot0lSx9KSZX6hRdcZTAR4IdKISA1rh4bo768xM5MyM9eilTRZWOywtGToH1hLVLFcujRDs+lptZtMTnSYvLrEtltAtYZXYXGpRaM9RSdRkhSanRaLrTadRGg1u1gsViKUsDL9A4To4MrP+xCR5WqklT++wam4IbDWYKzh/Plxjhy+SOLreGOCT7lUGB2dB9Nm/cZe4ji/uE3IXQ39BoIRuCCo9zjn898jjEQMr+nn7nu2c8utw2y7uZ99D96CydVsJLVQRK8W5zI2bFzD9PQkr7x8nNkZh1LNjcgjpiebNJeW6OsX6r15lyMVbAiCAeQ2bsrAQC89PRVePXiSmckUsKgJvs2D/f1UqrCwMEOrNU9zqYN6AZsGWzfJU0fyma6gxHGEtZbJyQavHZliesqjVkilhUOYn09ZmF9g282DWFMBSejtVx7+yB3MTC3xpT/Zz4WRlMxHQBxaiQKzMynPPXOCI0ePsnVHD3feuSN0N/NgJCaKo9x1II/UewNErFlT5VM//RCt1hKvHxshTXw+oXD09/eERi6vnuPylUWcWpw6nI9ZnIuYnsyI4xr9A/XcQuvar0IZhHufktu0rXzOxdpBB7JxfPcCRlqrosrhWe/4BeHD/UBVcK6LagIZZK6HicmNzC+swRPasodGCKuPrUywKCl5t6MqqDPBJcfnLa+1hrVVkrRod2Jx3hFXPJgFvG+Qdj3W9GCsBps4tYhJcD6l0+2QuQ42f0x9BWPTYLuaOryLQmqodqnUYrpdcM5jTIyXiMyTN2cJPRWsiX6oD7LcADGkNyzSE65/5+/30wBRbOkZqDA9tcjx1y5zabTB9EyLkdEpnn/2LM9+/zS337mBTzy+l/XrexAR2p2UVw+cIjIVbrtjM2uGKiCeyatLnD09Rb2nxu17N9Nbt0TGMDDYw849W7jn7p1s3daLoHinzM9kfPfbr7Fz1zoeeGArAwM9NBbbvH5sjHNnJ5mZaXLx4ixHDo3x/LMnSbMWH350N3fetY1K1YR2l3k7UWNCfrQRxdoqLq1w5NXTnD83xvxcl/GxBocPXOSbT7zMufMXeOSRfWxcv4ZLI2NYEdZv7KNWq4bt5YVrEC4BY4R6rZc0gxMnzzM6OsH0dIuxK00OvDzG9546QTtp8bnPP8Qtu9aGPvXGM7x2GEU4d3aE14+d5sLoFGOX25w9Nc7hV0d45ukTjJ6fYvfuTXz0sdu56aa1WBPSKryDifF5jr82yu49W7ll9xAmt+AS4xla209k6xx77TxJ0uTTn32ANWsieuo91PoGOXVmhDOnx7g63mRsrMXZUw32P3eKs+cvcOvtW/nwh/ayZm11Of8YjYL/M6ui6CXvI4J3t0hosOEFvBjwc7j2s2TNZzFcuv5FQXS+g5eCQXC50FUMsTGIKuPzG3nuuQ9y8fJm3F96bd4Iw1dJyXuXfJQBSekbiLn9zu1MXe1wdeoSA0OWRz9+G5s3beP7Tx9G8dxx12ZUPd2OY+26fgYHe2k0ujTb02zZNsj6desRHOs3DDA01M/ViQlqNcPd9+7k9r07OHzgItPTjvs/sJWrE/OcPzNHZKt8/JN7mZ1f5NiRWZIO3HbHAD29VUbOLbKwmOaq8PqDXwkyvG8oPg5gsL+Hex/YUgrkAmuFgaEq69euo71kOH9mmosXp7k4OsPly3Ps3rOTxz+9l5t3DWHFI2Lpphkjo5ep16rcumcTa9aEPuYLCy1mZpoMrqlzyy3r6OmJEIRKVVi7vsbwmh6MyfKosKfTVk4cH+GW24a4667t1OuGDRs3ge/lytgiFy9OcOHCJGNjLdYMDvPwR27j/ge30T9QDVHqortoHjsSLCJgY9iwYS1DQ8NcHJni4ug8o2dmuXBxHmuqPPzw3XzsE3vZdfNGGgstJsanqNWrDA0OUKkEpw5klRk5GbV6zMaNQ1QiE7Z3rsno6AJjlxfpqfXwU5+6hw9+aAPVSoR3BjExlaph4+Y+tm5dy/xcm4vnFrkwOsuli7NMXFkgjis88ODtPPrY3dx00zCVSojEo0qSCvMLDaam5rhl92a2be/HFJFk44gi2LBhEwsLS4jp8sijdzI4UCGOI4Y3VhgY7Gd2qsuF87OMnp/l8oU5Op0me+/ZwMcfv4ttW9cQRaDig8F67mSBEAqeyjT99xdBcYbrSxwOG2RoepGs9d+gewgji9e9SPNmHO/cfdAqJEaJDcGb2dch7nDo+O28dGAfswv9f4WbRimQS0re1YhgjOIyR2OhyfTsZTZv3sLte7fS21+jk8yRdOsceXWEek+NDz58DwvzTSYnl5i4OkE36bJ160ZuvWMr/f115qZTJsbnWVyco7c3ZvetO9h5y3ac95w7d5aTx+fxPmJgyDJxZZbJiSWQGtu3D3B5bIrRkSbeGYbWClnquHKpw1Ir2Mv9wJ3kBhHIcnViQdcMDxDHBBuhvKJ/5d2/4fzh/YmHLMuYnEi5dHGBxaUFFEO9p85NtwyyYVMvVetCnRkRifeMjEwjvsq2rX309oWcncXFLhPjLaLYsmVbD9WKyXvZ++BRrBEgqA95r0tNz+kTcwxv8uzYugkbeZy3zM0oY2OLTM3MkLqUOK6xffMGtmyt0tPr8mYGJrSX1PDproi6kGrg1dBpCyNnp5i8ukCaOuJaD+vX9bFz5zB9/YrLhCtjDWZnF1izvs7GdcNUq4DJEILQBY/YLDhE+IilOcf5kQaz8106aZN6Xdm0cQ07b15HvZqCtXgflohDq15FveHK5SZXLi+xsLSI856eWpX1G2ps3TbA4EBPGPNF83aZhiyzLCy0uXK5waYta1i73mAIy1LhegWvERdGFpmfX2DPbVvo6zN4l4LxJN2Y8ctLXBmbotPpYo2lf7DG9psHWb9+EFETGqUYCceadzoMBU+hPXXJ+wclNAURBTUZjgi0g289Qdr434k7p8C0wnOXUypC6/FiSAgrDX+ZOH3zWA/dCtQUMhehvkZHM/7ozz7Hd5/7AIutnr9aIOfFhSUlJe9CJF+l9FEoQo+nuWnHTawZ7mf6aoul1gz9fWu4fHGBSlXYuWsj4+OzLM638XSp1yM2bd7AwGCN+bk2k1cS2q0ONmqyZm0PmzdvAhGuTs4yOzdF1l5DFCtD6yK63S7zc0uIDrNzR52ldJHpSYvPIobXtanGltlpQ9cRDAk0t7JaPvYVgfxO3A/fCYKEClUcO7au5W/91gOlQF4m6C0wHaAKTkhcB+cN1UoF7BJKDxYNeYwevA3d5Qzk+cR5FytRfN6m1pg0RHU1tC8OoqsQxyC2i/cGQ4w3TYzvBfF4EkSEzNkwQAJiHBUbvFlDG9wo/6w0VNrnwk7xIZ8YQpvqvCip20lCQxMrWKMYFKMWERscK0wQEFZD22vEYSTCu2AjZaxDyTBE4GJUwakn811s5LBGMBqDq+DzeqbQTCVkEBdfKa+QugTnlchGxJEiuFy4FJ6zGRChGuFVQjtMS2gEAhjj8Rr6xPu8qk4K9w0HSIaVKHyuxpO6BO/Da62xWBOHz0HCh1+8tjg+YyguiPDHkvcF4WYOQp5Sg4HsDGnz/yFr/j5xtrRctR0Ecv7zTgtktXStUFGHQ0no5czoDv7ojz7HyfNbyDS4V/xwVjUQKikpefchoeuuqiISg3TwzmOtQV0NMV1EDC4Da3N3GiEE2YhAI5QMsR71FvURRoqxsxhrE4yp5AGqKsZ2Ua2gJHhZwOh6rHP4uIOnhroYQzOMq76KN6HGQa6/390gAvkvu8PeWIiCzXLLtiDoKtWYWtViDBiiPDJbLO+HS9BIcS2GKFNIVFSsybAmXKgmj0J6Jfj0htY5uSDNN5mH9otBWyQUphlxVC3UIqhFFitZ2F2RSE9I9gefF/qFL12xJSHKhbShUqlQiSvE1mDzJWMtipYkNBowmjcdQBCi/EuZ5zarhC9lHnWVKCGKMmpRlVh6MVTDG8lPUZh0ai60HSIZkGBNSjU21KsRlciEiLpWgXg5KhbkezgSI54ozoKbAKERiscjanAuP2OSIaRhx8JyK3Dy7661NeKolyiqB2s+z8qJx4auQvlrV1pMF7eAkvcNSv5dTcLnrDP45DnoPo9x89dVbOvy9+idxhmLOIPTMHmbmV/PK4fv5/LVdTgXLxcF//Cf67dYUlLyrkIljHOSoHTzYjvBa74qbNthfBbAGFRrwbFKIMsE1QgVIfOgInhJcCRgDE5NGOLEhGJfX0HJ8KqADdapJs7vcFEumhWVDNUY9VEI9OHyMuYbiaB+colWAqAIGRZPTJbbLHk1IbIIoLV8vJRc+RVCrhhHc7UrACYISx+Br+SCNQjNMGnMwOSCGcH7IAZFe1cGaG9Bq1iqGAWjIOpAK2GbrO7opaikIA4tfFslRUwSRLcLH7kxAqJYZxFfxUjwGlYhF+QxokGmy2pnjuCFlTsAxDgsmYTzg+bvzwsQ4U1MZovJQjg+weK9CTcAtaAm2GZ5g/iw3B1OQOgG6H2MahUt/F0R0DS09c4nJUpht+WDV6GvgsYIDlvs3ygYF7pxS96VWwwqcTjc/OjCGczPpIb21qphRaDk/UUotMtXWchw2XmS7pNo5zyROvyyT3fxc/0GwuvfblIckXjUQNKtc+LoLl49speFTtGsp0z9KSl5LxMEaYqJFCToAGMVEZfboILXLLeLTcD40DEXjxiLSoLH4zXvTGsUFcFpuNFpiBThSYIrlQ0ZAl7bGGvQQkcYh9fQORbRsAotGZjwuhuNFWkgRRy0hHzeENLRHcYEqzOVILbyay5PoVg5i5L/es1/VXIxuRLlDYRcXCvRqgHYYsTmwjY0zVj1CV0j9EIXr3AwP2g/uPoXxUgegc2PNayAuBBlXf1aWWURpT5/Q8H7UAEx4cmqLLs7GAExBq95tDho3pXzhAnerKK5FZ7kE4hgWxOOSfNl7uJ8BleB1aJUVkfJCZFuJT9PhJm0tcXko3iRrBIwHhUNzVtwSGFfZ0CsyR/LT/HyaV8lfq45vyXvCTRcxuGaCSlBxbXsCalLXggTsHQa134aOt/HulkEmzfcKb6b1243/P+6v/91EMHn38+iKLQI/HoBJMbgMLln88UrG3j5wO1cGt9A6qOQjnTDRXVKSt5vhDGQImiEhNRINWGV1tXzoJpHVYPVo3i8F2wkYczUfIVaJbgqi82DWgJiUZ93xJUw8Q/pjm65+Ui4K2agiiFvjpXX9xBCVMupZdcf+xvcJd83aK4Ey2ZhOZIbmlkgEksoBbMr/ri5gAqCLo8Qa8hXCRfgapEWRJ8nCOwiaiUUKixGvQZRpiaPSAdxuhxBXr1Nky/FaBwG+6LoTcN2oYhWh2hv2F8F0eqy9Zug4G3wTcxzjcN7CCLUOYfT/KLXIpUk37ZKKCLIhbXJq+yLLjM+b3ELYLSQsmGCUOgJMSFZWwlfcFWDSpifhb2a3GLNrBwvK+dUNQqfjmjY1+qJSfHhCPlx504U2OBDTWi0YEMrl+UFFClmCavOdVgxCK3DS96DFNfw8i3cIXlRHoTrTzGod7juQXzrG0TJOJHJgmjNJ8ErBXorhL+/+VFBCZNehfCd1ZVULVVQIipYPBHN9gAHj9zKydFb6GR5zrzk94uSkpL3LEI+/rtg6igmXV5tDrnE+ZCmZrndvHoN9UouzcUxGFwYcz3gC9GdIVqkY4b6miC+NQhqn+WNxVJAgjhWRZzPZ+kWvMEUK7zXE4TCys/7DQVEgs1brbR5+5EIyfQr56L4PUkSWq1Q+W6tRUTw3tNoNGi1WqgqzWYTESGOY7wPM8JiGzMzMzQaDebm5qjX69jwYeT7UtrtDnNzcywsLJAkCVEUGnasHsQbjQZTU1N0u11UlUqlAgThu7S0xMTEBI1GgyiKqFQqy69tt9vMzMwwPz+Pc444jpf3X5CmKXNzc0xPT+O9X952cS4KQTE9PY2qUq1Wr3m9c46pqSmuXr2Kql6zjzRNmZmZYWFhAe891trlcygSih7b7TYTExO0Wi06nQ59fX0/8FmUlAA4XJjMQXA7oVi9CHc2Q4RRh2SvkXS/SNbZT6wdRCAFJPJv/6piPqezUsX7DDBEJgqV4i5G1OGMoZ1s5Ojrm3n2+w8wMbOFlA6RAeNrYSL4hiNXSUlJScmPTREkAwb769z34NY8PFryI1EIQXJxWPwsLCwwNjZGo9FYfq73nvHxcV577TVGRkYYHR1lZmZmeRvGhChlp9Ph3LlzTE5OcuHCBdrt9vJzwr6Ey5cvMzY2xsTEBCMjI8zNzS0LRGMMzjmuXr3KmTNnuHTpEhcvXsT7MMoXjx09epQzZ85w+fJlnHMYYzDGcOHCBa5cucLk5CSjo6M0Go3r9g+tVovR0VGOHTvGyMgIzWZz+bHiODqdDkePHmV0dPSax1SVLMsYGxvjwIEDjI+P45xbFrfdbpcLFy4wMjJCo9Egy7JrXu+cY25ujpMnT3LlyhXOnTtHt9vNUzdKSq5leaXDA75YmSlShxxoCukoWfdr+O63MW4yFLqIzSu23/5Jl2ioC1DNMLGCVPBZhNGwZiWSkdgejp26nb/4i7sZGdtG2wlWYkhroXumuOs3W1JSUlLyFlKqjB+DQpBeHzlN05ROp7NiaaaK954sy5idneXSpUvMz88vR5mNMXjv8d7Tbrdpt9vs3buXBx98kDj47S0/R1W5cuUKGzZsYN++fVQqFZaWlpb3tZpKpUK9XqfZbC7/zTmH955arUa9Xqfb7S6LZ4DLly+za9cu7r33Xrz3LC4uLgvo4r0457DWEkURnU6HLMuWI8DF+5iammJ6eppLly5dc2wiQq1WY9OmTQwPD7Np0yaq1ZD6UQjhOI5Zu3Yt69atuya6TX6OvfesWbOG22+/HWstc3Nzy4+XlFyLWSn6NA6VFCcpmUnw0gF/maTzJN3m1zDJKBUEFcWZ3FlmpXrzbUPEEEmE847QkT4NnuNigoOkqTA5s5Pvfe9mTp19iEVXB2OxWoMsxkuGmlIgl5SUlLydlAL5x2B1ZJProsjX/51c5A4PD9PT08PMzMw121mdIhHHMQsLCzQajeX0gtX7qtVqtNtt5ubmlsVr8VjxvCzLuHjxIqOjowwNDS1vx1pLt9tldnaWWq3Gjh07iKKVCnhrLYuLiywtLV2zbXLxW+yn0WgwNjZGu91maGhoeb/WWprNJq+//vry+5ifn4f8/RfvxRhDlgV/2WIfxhjSNF2Ofo+NjZGmKcYEb8hiH957kiRhYWEBLVMrSv4ylsUxIEJGREqMBxxLJN0XSTp/jqYniZxisaGym+Vq0LcfVUSVSOp4X8NEDiQlw5FGNSZn7+Lpp27l+MmttNwwTmK8Wnym2DgNQrpwxikpKSkpeVso77I/Btcv6xdCrVKp0NPTQxRF14jkarXKxo0b2bx583LereRRaHJxWa/XqVQqnDlzhoMHD9JoNHDOLYto7z2bN29mcnKSY8eOkaYpfX19yxHcQkgODAzw4IMPcs8999Dtdq95rL+/n/vuu4/77ruPoaEhyEWnqnLzzTdz6dIljh8/jrWW/v7+5fdRCNw4jtm8eTN33nknmzZtIk1TNI/sFvvo6enh3nvv5e67774mlaT4qVQqrFmzBsnzswuK6HFfXx/ee5xbiYwVkw9jDDMzM5w7dw7vPevWrVs+zyUlq5GQbAwQRCWVUG6rs/ilw3Qa30CTV6mQYCS4VqiwXMgn74DwVBT1DrGeyBoi6rjMkpmY2dZ2nn7mXp7+7k00OhtIaWCJUZeGFDkTXGjKW3dJSUnJ24tMTizq0HB/2UnvR0TzCGYh/AqRXPxtdXSzEHHFc4uo8eptFJHVLMuWUw+K9IpCIJKnShSpDkWEtXiseM3qfb7R8azGe7/8GufcctpEcYyr910cc/Hv1dHvIp+4+FuWZcuFiMX7KPaTZdnysa+ebFy/v+JvrJqErEZzcV5MEkpKCkKrdQGnOAE1BsM02vo+ycLXcN2niJjIO1M5nDehNxAhqmuIlz1I3y7yZumkeUdM63tQlIVkPd9/+UG+/Od7mZxbh5geTJThMx/8V6RG6lqoyevOyzliSUlJyVtCcAgKvRa2bxnm1//+Q2UY4sdltXArRN4bibiCQgyuFpXF6wqxGEURtVoNrkvPKIQgebS5Uqksi8JCUBY/q6OyBcXrV6dKFBTbL/5drVaXt/1GYrs4rutF6fW/rxbHrNpWIWgLQV38/DBxXPy++n0V70dyQV5yo/LDciEK90rAKNZARBPXeZ1u49tI8nXqXCYSwavLBXQwxzeSt13nLcjtleI/5prggkj4NZg0upAJYgWnbRKvnDi+nae+sZuphSEk7gmWiKlipIvRmCwL6RV/2f2mpKSkpOStoXDjLPkRWR355DpxfP3AJatEdPF78Zzr/3/94+T7un5/vMHzVu9n9WPF61c/tprrj+H64/th+1j9uKwSq6v3ez1mVbrG6seLv69m9TFcv8832nbJDYR61Cd4EhS33DIjdKV0GJW89boFp9A+Sdb8MzT7OlYbeCIcKSgYD1YV8Yp68OLyRiFvjiDfDfgaopXcq3TFZ11FSXP7c/GOLsqLJ27ij7/2Uc6O7yaSCJxDVAGD9z1kpKFZEKx0nywpKSkpeYsQYKX+S/L7dklJScl7AhWDSBWj1Tw9wYVGk4BoRFvS4FahXWi/Qqv570m7f4JmEziy0EL1bcYIGOPAtFDJ8BLhgMRDpoAYDBV6bI1u13D41D7++A9/lXMj66hWotDytRTAJSUlJT9RSoFcUlLynkBDlQReXGjB6mW5SxQ48G0gNN7w3e/T7fwbaP8JcTJFbBxY/064uAXrZUKbdjUeJxneAMYAMbgqmloW2z0cOPYov/sffpMLk7tJTZXEN1A/nMcvSkpKSkp+UpQCuaSk5D2EojTxNIsVMdQkqCSorVD3Ea7zFVqtf4trf59KllAXiEwowljOUX4bUSKyNCJNQ2tYS0REDzF1IhTRNkutQf7ihY/xO7//G4wtKuomqFd7SFTQSqPskldSUlLyE8a8E52jSkpKSt4sIbPYYOkFaniT4U2W5/wKnhRd+BJZ4/fwnf2I64CxOIEsI+QEExrxvJ2IAYkdUQyxjcFFuDQFzYAq03NbePLZD/LnX9vHlVaKxkLFVCDJiKzB0aGsDSkpKSn5yZJ7upWUlJS8B/CAt6iPcCqIRhhfgewCzeYfkXX/NaZ1gChLMFEHb7tkGDwm7+/85ovw/ioyzfCqiAefCl47SC2lScTx0zv42jcf4M+fup+FhQGizBPFBqqgaUTFrUF9pUyxKCkpKfkJU6ZYlJSUvDdY5e6mZBgUIYX0FH7pz/CLv41mJ7Fmisgk4XkaIWKwRjGkb42N21+BleBWIT4O+6700s62cvL8Pr71zEN8Z/+9zC1uw/sK1lt8GpE6xUcNkm5GLIPBy7mkpKSk5CeGWe2NW1JSUvJuRyXBGIeRFi59mc7SfyRb+mP6kxPgq/jQTw91Bs0MmnnwwQD+nZCdogZxcejMJ465uT5e2r+TL395L/sP7WUu3UacZqQSk0SOSDIqvoonxg4skrnFazzLS0pKSkreecoIcklJybsHzU2NfREtdkAX1OOBrk0R8Rg/BYtP0J35bbL2fwFOojbLnxteKyhismW391UB6B9OXvgX/n1tM56Vn1Dwl4nBSwWoYIiwBrwFk3kib0nMMGcm9/K1pz/Ml5/4CK+f3ku70w/qcQYIiR84De4cIoK6os9eSUlJSck7h8J1gYlSIJeUlLwr0EIY5/JQvUe9oFRwoji6VDWD5DJ+6Rt0Or+Dd9/CpvOYrI5qSL3I/1Go7WVZvPq/PxrXl8qFlh+ZrxNHPVj1oAliHU48qhEVFyNRhSWpcu7yRp75/v3sf+5BLl7ZQifrC2I6d9MQ1WBWoWFPAuAMUt6WS0pKSn7ilHfikpKSnzBBJYpIHsFVyCO/SMg0VsDQhNarpK3/Qqv9u7jkBSK/QGwSjKTgbAjtvhlWh5lzkZ0f3fJTTNwmTVtYILKgEjyWFYN4w3RriP1HbuHLX36Q/c/ezeTsBjJTx9sUFY/q2++kUVJSUlLyY3Ld8FEK5JKSkp8ghSJVkAyMQ6VoCJIhkmE0IXIzaPsIafM/kLa/COkhYtch1gqCRyVF3w7vYM3zKfLVNyUcpmgQzQbBuKDlMyIuLcB39t/EE088yuHjdzPZGCIRxUkHVUXK8ruSkpKSdyGr8+sCpUAuKSn5CbE6XAsha9jjSHAIUIUsgs4FfPNLZM3/izT9KpKdIfYeg8GTkmnI49W3vQovqORIDIYItEqWWhShnQxz7PStfO1bH+c73/kUZ0dvZSmtkRmPl9AsxDgLTjDXJW6UlJSUlLz7KAVySUnJT4DrxTEEczQweKxG2K7Dt58nbf17kuZvI51vY/wSRjOCzDQh0mxDx2kvb/Xt7NqIQlGkl+HxKhgjOKlycXIb393/AF974jH2P/84V6dvJtMqXkyIGLsIyQwWxYoH//Z7MZeUlJSUvDne6hGlpKSk5K/gjcQxeDyoxXjFpK/huv833fa/Jmn/MSQnMb6FaAU0Wi42FiMYARFA0+s3+Sb4QWFckAK+ktJyA5w4s49vfPNxvvrNRzj0+m7mWsM4UVRT8OEGGxH6XCsZmBS1P/jeS0pKSkp+kpQuFiUlJe9SFI/TWXzyAq71n3DNf4fpPEmUzSCEltGGDMlzgkWS4AThYiSLMfrGwvvHY3XU+FphXPwt8pbpqc28dPA+vvbth3jm5bu4dHUb7axGhsM5BTxCBj4DHCIhwp1JhHvLI90lJSUlJW815Z26pKTkLUCDZ3E+CfeAw+NyW2MK5zXywjdv8qRhkwvjDiRHofXHdJv/kW7rK2gyinUeq4rgci8LD5Ih4kIcupj0ewkNOnJR+0N/THDKKI7FSIRgg+DGIGLyDcYhLC2CEKF4kArNpQ28dvJRvvXtj/GVb9zPoeNbme/W86iwQH4MRixiTHir6vDiQwqJRqgvb7slJSUl7zokD5DkgZHyTl1SUvLWkNs8BBnr0fwnPEZoC53bpi1n4WqC+Iv45AV06Y9g4Xeh+T3ILqGmi7ehnYZ4iDSI7WK7y3bHkoJJVvb1l7DymlzPLh/nypGFe6PJBX+G4HBaY3p+JwcO3cuXnnyYJ5/bzZkL62l11qC+gpJiJCHUCYaUiuWqQQneFaKK8S74J5eUlJSUvIvI79P5/ZpSIJeUlLw1CBCB8bk1m2K9JVLFSAIkuQRNQjTVgNKE7DC+9V9h6T/g2k+SpFfwOo9ISEsIylpQY9AfSHf4a6Bg1GIkRoXQ4MMoamRFKotF1CMO1EMn7efs6G6+9b17+fJT+zh5okZjcRDoA1FEMkR8HuXOkB9BqJeUlJSUvPtYnYYsVycWdM3wAHEM4FHN25wuj0X50mFJSUnJX8ZKDkWIoLp8Ci4rf1LAyBK4cXxymKzzFK7zHKQjiO+i4sEoy2m6Pk/HEEXkB4sorucHc4avR/K0DgkJIOLDa7xg1GAIHfycVGinvUzNbGB0ZA/Pv7yJwyc3sZhuIXZgjMUbIfMutL7OA85WLV6KaHRJSUlJyXsBLbIrFG7atpZf/3sPlAK5pKTkLcLnXeVwCJXlW4cnRGJFwPgU0sNk7a+Tdb6DuHMIDVTbSN6vrmiG5xVUBcQgElpGy5sMzoZUCouIQSQLQtaDUUNkQiOPLB1gqt3D2fHNPPvsLo4duovFxnpcrKRiibwNHfHyNA8jURDxTrEC3uiPlO5RUlJSUvLuoBh3hBWBbMq+TiUlJW8NIR0CifAozqSotBBpgFnCZCfR7pdJW/8vWfuLmOQAxl1FfILH4It7kQ+CGi8INm9B/dbEZMXGoX21pggauln7CLSPJOtnttHHiQtb2f/Ch/nmNz/MCwdvY3rpJhIbkWqDWCIcKU5TFI8xuYWbV4xRsA7EXb/bkpKSkpL3GDI5sahDw/1lBLmkpORNoKApSoVQ6tZFEKzG4C6RZSfQpa/S7b5E5k4SmzYVqaAuw2uGGBOK23xRMJdP3Q15ZnCornuzRRM+T/mwHsTHeO/xkaPje5iZ3sq5c1vZf+BmTh3bw0J7Az5OUBcBnigWut1ebNwJxXy584X3IbodRYrXFK8W0ej6XZeUlJSUvEtZHUHesXWY3/j7D5YpFiUlJW8RGtKOvaREeMRnkIyTNb9Bq/MNKv5FDG08Hq8hPUEw2OByHCzRKDzYJI9Ir/jDaR6gfjP4kLFBrDG4GpkYFtKYkxeGeOHF7Rw7uofpmX2kWQ2NUkQyqqwh7Tq8aWEqMd6niBdUFWtAxOPzosLMOcBi866AJSUlJSXvfkqBXFJS8jbicCRAhGRd0s7zJO3/DN1vE+s0xhFCwhKhJvgZqwfxwVZHjQ83Kb32jiMKIhYRi3uT3fKEGFTxPqWbRkxN7+TwkX0899LtnL60ka7UEGniJQJr8C7BOkukFeIKdLMFhF5EYjRz2CjkXWfOgVrE1oKLhWbX77qk5B3irUhGKim5sShWLQVlx7Y1/Prf+0CZYlFSUvIW4pvQPUGn8TWS5BtYM0JEhKSDqOkEl4q/JuG+9ObuReIq+Mgx061y+Ogd7H/mAUZHt5MhIEkQ0GWBXUlJScmNhYJgMcCWHZbP//LHS4FcUlLy5vEoHTwxFutTjC6AWQr5DPSD6wOT27j9EH6UguE3W6onmQHvwAiZ6yNJDMZCJeqECLfWaMfJ9S8rKSkpKXmf4xFEI5JuQtJt8f8DuhPqoBsCubAAAAAASUVORK5CYII=", "fontSize": 16, "fontStyle": "normal", "fontFamily": "Arial", "fontWeight": "normal", "textDecoration": "none", "backgroundColor": "transparent"}]	{"size": "A4", "paperSize": "A4", "canvasWidth": 794, "orientation": "portrait", "canvasHeight": 200}	f	t	cmhn15o0r00007k7kgadfpwk5	2025-11-07 10:35:07.538	2025-11-07 10:35:07.538
\.


--
-- Data for Name: medicine_types; Type: TABLE DATA; Schema: public; Owner: -
--

COPY public.medicine_types (id, name, "isActive", "createdAt", "updatedAt") FROM stdin;
cmhn9d7u60000lhcwqhclb9je	Eye Drops	t	2025-11-06 10:02:45.103	2025-11-06 10:02:45.103
cmhn9d8ft0001lhcwohopwshr	Ointment	t	2025-11-06 10:02:45.881	2025-11-06 10:02:45.881
cmhn9d8v30002lhcwagcr0rfv	Tablet	t	2025-11-06 10:02:46.431	2025-11-06 10:02:46.431
cmhn9d8w70003lhcw146qpe9a	Capsule	t	2025-11-06 10:02:46.471	2025-11-06 10:02:46.471
cmhn9d8xa0004lhcw474ydw7f	Injection	t	2025-11-06 10:02:46.51	2025-11-06 10:02:46.51
cmhn9d9c10005lhcwhuddp3sj	Gel	t	2025-11-06 10:02:47.041	2025-11-06 10:02:47.041
cmhn9d9kg0006lhcwg7pyb8u4	Solution	t	2025-11-06 10:02:47.344	2025-11-06 10:02:47.344
\.


--
-- Data for Name: medicines; Type: TABLE DATA; Schema: public; Owner: -
--

COPY public.medicines (id, code, name, "typeId", "genericMedicineId", "drugGroupId", "dosageScheduleId", dosage, information, "isActive", "createdAt", "updatedAt") FROM stdin;
cmhn9djnz001xlhcwxpqzkn6l	TIM001	Timolol 0.5% Eye Drops	cmhn9d7u60000lhcwqhclb9je	cmhn9d9t00007lhcwfvp9uw7s	cmhn9dej90011lhcw8ae4l9un	cmhn9di28001ilhcwlngclxcx	1 drop	Used for glaucoma treatment. Reduces intraocular pressure.	t	2025-11-06 10:03:00.431	2025-11-06 10:03:00.431
cmhn9dklc001zlhcw3thspdcq	LAT001	Latanoprost 0.005% Eye Drops	cmhn9d7u60000lhcwqhclb9je	cmhn9da2p0008lhcw0zzde5pt	cmhn9del60012lhcw125gm9tb	cmhn9dhkx001hlhcwnuygpqbh	1 drop	First-line treatment for glaucoma. Apply at bedtime.	t	2025-11-06 10:03:01.632	2025-11-06 10:03:01.632
cmhn9dlid0021lhcw5i2tab2v	BRIM001	Brimonidine 0.2% Eye Drops	cmhn9d7u60000lhcwqhclb9je	cmhn9daho0009lhcwjszi539f	cmhn9dfgv0013lhcwv0scw3iy	cmhn9di28001ilhcwlngclxcx	1 drop	Reduces IOP by decreasing aqueous humor production.	t	2025-11-06 10:03:02.821	2025-11-06 10:03:02.821
cmhn9dlin0023lhcwr5tfzftw	DORZ001	Dorzolamide 2% Eye Drops	cmhn9d7u60000lhcwqhclb9je	cmhn9daqi000alhcwck0ut742	cmhn9dfhs0014lhcwmpw9teh6	cmhn9diaj001jlhcwejbzfkuw	1 drop	Reduces IOP. Can be used as adjunct therapy.	t	2025-11-06 10:03:02.831	2025-11-06 10:03:02.831
cmhn9dlj30025lhcwzpiqa73c	TROP001	Tropicamide 1% Eye Drops	cmhn9d7u60000lhcwqhclb9je	cmhn9db9m000elhcwutl81gr9	cmhn9dg4y0015lhcwofuw6neh	cmhn9divw001plhcwh724tbgm	1 drop	Short-acting mydriatic for fundus examination.	t	2025-11-06 10:03:02.847	2025-11-06 10:03:02.847
cmhn9dsyn0027lhcwfv06ystx	PHEN001	Phenylephrine 2.5% Eye Drops	cmhn9d7u60000lhcwqhclb9je	cmhn9dbap000flhcwglzyne9t	cmhn9dg4y0015lhcwofuw6neh	cmhn9divw001plhcwh724tbgm	1 drop	Mydriatic agent for pupil dilation.	t	2025-11-06 10:03:12.479	2025-11-06 10:03:12.479
cmhn9dsyx0029lhcwuz6q9yr0	CYCLO001	Cyclopentolate 1% Eye Drops	cmhn9d7u60000lhcwqhclb9je	cmhn9dbbn000glhcwtjj6ny3m	cmhn9dg620016lhcw1jtfklx9	cmhn9divw001plhcwh724tbgm	1 drop	Cycloplegic refraction and pupil dilation.	t	2025-11-06 10:03:12.49	2025-11-06 10:03:12.49
cmhn9dt6i002blhcw0jvu0kdh	PRED001	Prednisolone 1% Eye Drops	cmhn9d7u60000lhcwqhclb9je	cmhn9dbtc000jlhcw5jxnw20s	cmhn9dg720017lhcw699euzfj	cmhn9dibj001klhcwoc9q7vh8	1 drop	Anti-inflammatory. Monitor IOP during use.	t	2025-11-06 10:03:12.762	2025-11-06 10:03:12.762
cmhn9dtdz002dlhcwjzjh5tp6	DEX001	Dexamethasone 0.1% Eye Drops	cmhn9d7u60000lhcwqhclb9je	cmhn9dc7q000klhcw8k673ay2	cmhn9dg720017lhcw699euzfj	cmhn9dibj001klhcwoc9q7vh8	1 drop	Potent corticosteroid for inflammation.	t	2025-11-06 10:03:13.031	2025-11-06 10:03:13.031
cmhn9dtea002flhcwqk1pqh7z	MOXI001	Moxifloxacin 0.5% Eye Drops	cmhn9d7u60000lhcwqhclb9je	cmhn9dcqo000nlhcw55ijc000	cmhn9dg7z0018lhcwkgb9kisr	cmhn9dibj001klhcwoc9q7vh8	1 drop	Broad-spectrum antibiotic for bacterial infections.	t	2025-11-06 10:03:13.042	2025-11-06 10:03:13.042
cmhn9dteo002hlhcwh0ye0pyg	GATI001	Gatifloxacin 0.3% Eye Drops	cmhn9d7u60000lhcwqhclb9je	cmhn9dcrm000olhcwk9302x6z	cmhn9dg7z0018lhcwkgb9kisr	cmhn9dibj001klhcwoc9q7vh8	1 drop	Fluoroquinolone antibiotic for eye infections.	t	2025-11-06 10:03:13.056	2025-11-06 10:03:13.056
cmhn9dtex002jlhcwrtygxpc9	OFLO001	Ofloxacin 0.3% Eye Drops	cmhn9d7u60000lhcwqhclb9je	cmhn9dczq000plhcwrrwytfk0	cmhn9dg7z0018lhcwkgb9kisr	cmhn9dibj001klhcwoc9q7vh8	1 drop	Antibiotic for conjunctivitis and corneal ulcers.	t	2025-11-06 10:03:13.065	2025-11-06 10:03:13.065
cmhn9dtff002llhcwu244nyli	TOBRA001	Tobramycin 0.3% Eye Drops	cmhn9d7u60000lhcwqhclb9je	cmhn9dd90000rlhcwu71v11sv	cmhn9dg7z0018lhcwkgb9kisr	cmhn9dibj001klhcwoc9q7vh8	1 drop	Aminoglycoside antibiotic for bacterial infections.	t	2025-11-06 10:03:13.083	2025-11-06 10:03:13.083
cmhn9dtfq002nlhcwlacauto4	KETO001	Ketorolac 0.5% Eye Drops	cmhn9d7u60000lhcwqhclb9je	cmhn9ddjj000ulhcw54kwo00d	cmhn9dgev0019lhcwr8oosokz	cmhn9dibj001klhcwoc9q7vh8	1 drop	NSAID for pain and inflammation post-surgery.	t	2025-11-06 10:03:13.094	2025-11-06 10:03:13.094
cmhn9dtnf002plhcwds4tb3wi	DICLO001	Diclofenac 0.1% Eye Drops	cmhn9d7u60000lhcwqhclb9je	cmhn9ddkf000vlhcwf5yy373n	cmhn9dgev0019lhcwr8oosokz	cmhn9dibj001klhcwoc9q7vh8	1 drop	NSAID for post-operative inflammation.	t	2025-11-06 10:03:13.371	2025-11-06 10:03:13.371
cmhn9duko002rlhcwsd1k8v9f	CMC001	Carboxymethylcellulose 0.5% Eye Drops	cmhn9d7u60000lhcwqhclb9je	cmhn9ddt8000xlhcwpxtnqc8t	cmhn9dh19001alhcw4ldi3wk3	cmhn9divw001plhcwh724tbgm	1-2 drops	Lubricant for dry eye syndrome.	t	2025-11-06 10:03:14.567	2025-11-06 10:03:14.567
cmhn9dusi002tlhcwohlgtszw	HYPR001	Hypromellose 0.3% Eye Drops	cmhn9d7u60000lhcwqhclb9je	cmhn9ddu6000ylhcwlksnhrgp	cmhn9dh19001alhcw4ldi3wk3	cmhn9divw001plhcwh724tbgm	1-2 drops	Artificial tears for dry eyes.	t	2025-11-06 10:03:14.85	2025-11-06 10:03:14.85
cmhn9dv95002vlhcwrnapx619	ATRO001	Atropine 1% Eye Drops	cmhn9d7u60000lhcwqhclb9je	cmhn9dbkd000hlhcw5ry0uvnv	cmhn9dg620016lhcw1jtfklx9	cmhn9dhkx001hlhcwnuygpqbh	1 drop	Long-acting cycloplegic. Used for uveitis and amblyopia.	t	2025-11-06 10:03:15.444	2025-11-06 10:03:15.444
cmhn9dv9f002xlhcwe7ijfsuk	CHLOR001	Chloramphenicol 0.5% Eye Drops	cmhn9d7u60000lhcwqhclb9je	cmhn9ddij000tlhcwi2p9uo24	cmhn9dg7z0018lhcwkgb9kisr	cmhn9dibj001klhcwoc9q7vh8	1 drop	Broad-spectrum antibiotic for bacterial conjunctivitis.	t	2025-11-06 10:03:15.459	2025-11-06 10:03:15.459
cmhn9e2oj002zlhcwmabsztxn	CHLOR002	Chloramphenicol 1% Eye Ointment	cmhn9d8ft0001lhcwohopwshr	cmhn9ddij000tlhcwi2p9uo24	cmhn9dg7z0018lhcwkgb9kisr	cmhn9div0001olhcwh7wuxobp	Apply thin layer	Antibiotic ointment for nighttime use.	t	2025-11-06 10:03:25.075	2025-11-06 10:03:25.075
\.


--
-- Data for Name: o2_n2_pressure_check_register; Type: TABLE DATA; Schema: public; Owner: -
--

COPY public.o2_n2_pressure_check_register (id, date, "time", "o2Big", "o2Small", n2, sign, remark, "createdAt", "updatedAt", "createdBy") FROM stdin;
cmhm75ugb00037khk9zcvqtxv	2025-11-05 00:00:00	10:00	12	14	18	nn	yyy	2025-11-05 16:13:15.747	2025-11-05 16:13:15.747	cmhm2mphl00007kioks3r4zvn
\.


--
-- Data for Name: optometrist_examinations; Type: TABLE DATA; Schema: public; Owner: -
--

COPY public.optometrist_examinations (id, "patientVisitId", "optometristId", "visualAcuity", refraction, tonometry, "additionalTests", "clinicalDetails", "clinicalNotes", "preliminaryDiagnosis", "assignedDoctor", "urgencyLevel", "additionalOrders", "knownAllergies", "ucvaOD", "ucvaOS", "bcvaOD", "bcvaOS", "refractionSphereOD", "refractionCylinderOD", "refractionAxisOD", "refractionSphereOS", "refractionCylinderOS", "refractionAxisOS", "iopOD", "iopOS", "iopMethod", "colorVision", "pupilReaction", "eyeAlignment", "anteriorSegment", "additionalNotes", "proceedToDoctor", "requiresDilation", "additionalTestsLegacy", "examinationStatus", "completedAt", "receptionist2Reviewed", "receptionist2ReviewedAt", "receptionist2ReviewedBy", "receptionist2Notes", "createdAt", "updatedAt") FROM stdin;
cmhn442mz0010lhg4e059mk4c	cmhn3qvo40004lhg4rhwjayd3	cmhn157ow00007km0qay4vn71	{"near": {"leftEye": "N12", "rightEye": "N12", "binocular": "N12"}, "aided": {"leftEye": "", "rightEye": "", "binocular": ""}, "unaided": {"leftEye": "", "rightEye": "", "binocular": ""}, "distance": {"leftEye": "6/36", "rightEye": "6/36", "binocular": "6/9"}}	{"pd": "46", "add": {"leftEye": "32", "rightEye": "32"}, "axis": {"leftEye": "134", "rightEye": "31"}, "sphere": {"leftEye": "32", "rightEye": "24"}, "cylinder": {"leftEye": "32", "rightEye": "234"}}	{"iop": {"leftEye": "21", "rightEye": "32"}, "time": "", "method": "nctonometry"}	{"coverTest": "exotropia", "colorVision": "red-green-deficiency", "eyeAlignment": "normal", "pupilReaction": "sluggish", "anteriorSegment": "corneal-opacity", "extraocularMovements": "restricted"}	{"preOpParams": {"k1": {"leftEye": "3", "rightEye": "1"}, "k2": {"leftEye": "cerno suggero creator", "rightEye": "demens canis utpote"}, "acd": {"leftEye": "ex theca vita", "rightEye": "supplanto auditor animus"}, "axl": {"leftEye": "tergeo urbs curvo", "rightEye": "demens canis utpote"}, "flatAxis": {"leftEye": "aut confugo culpa", "rightEye": "cerno suggero creator"}, "iolImplanted": {"leftEye": "supplanto auditor animus", "rightEye": "creber convoco tui"}, "anyOtherDetails": {"leftEye": "tergeo urbs curvo", "rightEye": "tergeo urbs curvo"}, "iolPowerPlanned": {"leftEye": "supplanto auditor animus", "rightEye": "aggredior cupressus aveho"}}, "slitLampFindings": {"lens": {"leftEye": "normal", "rightEye": "abnormal"}, "cornea": {"leftEye": "clear", "rightEye": "clear"}, "eyelids": {"leftEye": "normal", "rightEye": "normal"}, "conjunctiva": {"leftEye": "normal", "rightEye": "congestion"}}}	trepide incidunt subiungo	diabetic-retinopathy	\N	\N	[]	[{"id": 1, "name": "Penicillin", "reaction": "Rash, difficulty breathing", "severity": "High"}]	6/36	6/36			24	234	31	32	32	134	32	21	nctonometry	red-green-deficiency	sluggish	normal	{"findings": "corneal-opacity"}	trepide incidunt subiungo	t	f	\N	completed	2025-11-06 07:35:39.364	f	\N	\N	\N	2025-11-06 07:35:40.379	2025-11-06 07:35:40.379
cmhn44sz90012lhg4jgb4g8m4	cmhn3uy4n000blhg4uczzxymd	cmhn157ow00007km0qay4vn71	{"near": {"leftEye": "N12", "rightEye": "N12", "binocular": "N12"}, "aided": {"leftEye": "", "rightEye": "", "binocular": ""}, "unaided": {"leftEye": "", "rightEye": "", "binocular": ""}, "distance": {"leftEye": "6/36", "rightEye": "6/36", "binocular": "6/9"}}	{"pd": "46", "add": {"leftEye": "32", "rightEye": "32"}, "axis": {"leftEye": "134", "rightEye": "31"}, "sphere": {"leftEye": "32", "rightEye": "24"}, "cylinder": {"leftEye": "32", "rightEye": "234"}}	{"iop": {"leftEye": "19", "rightEye": "44"}, "time": "", "method": "nctonometry"}	{"coverTest": "exotropia", "colorVision": "red-green-deficiency", "eyeAlignment": "normal", "pupilReaction": "sluggish", "anteriorSegment": "corneal-opacity", "extraocularMovements": "restricted"}	{"preOpParams": {"k1": {"leftEye": "aperte traho ustulo", "rightEye": "tubineus comminor ara"}, "k2": {"leftEye": "synagoga arca video", "rightEye": "saepe ultra cognomen"}, "acd": {"leftEye": "tubineus comminor ara", "rightEye": "sollicito stultus veritas"}, "axl": {"leftEye": "absque delibero ater", "rightEye": "acervus cura acceptus"}, "flatAxis": {"leftEye": "supplanto temptatio alter", "rightEye": "synagoga arca video"}, "iolImplanted": {"leftEye": "synagoga arca video", "rightEye": "substantia praesentium vitium"}, "anyOtherDetails": {"leftEye": "utroque minima theatrum", "rightEye": "tubineus comminor ara"}, "iolPowerPlanned": {"leftEye": "canto vita clibanus", "rightEye": "saepe ultra cognomen"}}, "slitLampFindings": {"lens": {"leftEye": "normal", "rightEye": "normal"}, "cornea": {"leftEye": "clear", "rightEye": "hazy"}, "eyelids": {"leftEye": "normal", "rightEye": "normal"}, "conjunctiva": {"leftEye": "normal", "rightEye": "mass"}}}	bellum aduro convoco	dry-eye	\N	\N	[]	[]	6/36	6/36			24	234	31	32	32	134	44	19	nctonometry	red-green-deficiency	sluggish	normal	{"findings": "corneal-opacity"}	bellum aduro convoco	t	f	\N	completed	2025-11-06 07:36:14.14	f	\N	\N	\N	2025-11-06 07:36:14.517	2025-11-06 07:36:14.517
cmhn45fqo0014lhg4hc6z2fif	cmhn3vehd000ilhg4j7ozpz3m	cmhn157ow00007km0qay4vn71	{"near": {"leftEye": "N12", "rightEye": "N12", "binocular": "N12"}, "aided": {"leftEye": "", "rightEye": "", "binocular": ""}, "unaided": {"leftEye": "", "rightEye": "", "binocular": ""}, "distance": {"leftEye": "6/36", "rightEye": "6/36", "binocular": "6/9"}}	{"pd": "46", "add": {"leftEye": "32", "rightEye": "32"}, "axis": {"leftEye": "134", "rightEye": "31"}, "sphere": {"leftEye": "32", "rightEye": "24"}, "cylinder": {"leftEye": "32", "rightEye": "234"}}	{"iop": {"leftEye": "19", "rightEye": "44"}, "time": "", "method": "nctonometry"}	{"coverTest": "exotropia", "colorVision": "red-green-deficiency", "eyeAlignment": "normal", "pupilReaction": "sluggish", "anteriorSegment": "corneal-opacity", "extraocularMovements": "restricted"}	{"preOpParams": {"k1": {"leftEye": "cruentus cohibeo convoco", "rightEye": "vomer adsidue atque"}, "k2": {"leftEye": "confero degenero atrocitas", "rightEye": "celebrer harum argumentum"}, "acd": {"leftEye": "utpote patior desparatus", "rightEye": "advoco tres auxilium"}, "axl": {"leftEye": "confero degenero atrocitas", "rightEye": "exercitationem comprehendo arca"}, "flatAxis": {"leftEye": "advoco tres auxilium", "rightEye": "amet calamitas blanditiis"}, "iolImplanted": {"leftEye": "voluntarius tres incidunt", "rightEye": "celebrer harum argumentum"}, "anyOtherDetails": {"leftEye": "cuppedia terminatio triduana", "rightEye": "cresco vigor cur"}, "iolPowerPlanned": {"leftEye": "atqui terga earum", "rightEye": "cuppedia terminatio triduana"}}, "slitLampFindings": {"lens": {"leftEye": "normal", "rightEye": "normal"}, "cornea": {"leftEye": "clear", "rightEye": "hazy"}, "eyelids": {"leftEye": "normal", "rightEye": "normal"}, "conjunctiva": {"leftEye": "normal", "rightEye": "mass"}}}	amet calamitas blanditiis	normal	\N	\N	[]	[{"id": 1, "name": "Penicillin", "reaction": "Rash, difficulty breathing", "severity": "High"}, {"id": 2, "name": "Sulfa drugs", "reaction": "Skin irritation", "severity": "Medium"}, {"id": 3, "name": "Latex", "reaction": "Contact dermatitis", "severity": "Low"}]	6/36	6/36			24	234	31	32	32	134	44	19	nctonometry	red-green-deficiency	sluggish	normal	{"findings": "corneal-opacity"}	amet calamitas blanditiis	t	f	\N	completed	2025-11-06 07:36:43.652	f	\N	\N	\N	2025-11-06 07:36:44.015	2025-11-06 07:36:44.015
cmhn45vxl0016lhg4i6zyutol	cmhn3vquf000plhg4vabz6hb7	cmhn157ow00007km0qay4vn71	{"near": {"leftEye": "N12", "rightEye": "N12", "binocular": "N12"}, "aided": {"leftEye": "", "rightEye": "", "binocular": ""}, "unaided": {"leftEye": "", "rightEye": "", "binocular": ""}, "distance": {"leftEye": "6/36", "rightEye": "6/36", "binocular": "6/9"}}	{"pd": "46", "add": {"leftEye": "32", "rightEye": "32"}, "axis": {"leftEye": "134", "rightEye": "31"}, "sphere": {"leftEye": "32", "rightEye": "24"}, "cylinder": {"leftEye": "32", "rightEye": "234"}}	{"iop": {"leftEye": "19", "rightEye": "44"}, "time": "", "method": "nctonometry"}	{"coverTest": "exotropia", "colorVision": "red-green-deficiency", "eyeAlignment": "normal", "pupilReaction": "sluggish", "anteriorSegment": "corneal-opacity", "extraocularMovements": "restricted"}	{"preOpParams": {"k1": {"leftEye": "cursus comprehendo avarus", "rightEye": "nihil tricesimus peior"}, "k2": {"leftEye": "perferendis sponte deporto", "rightEye": "magni ullus ancilla"}, "acd": {"leftEye": "stultus creber voveo", "rightEye": "supplanto spectaculum tamen"}, "axl": {"leftEye": "arguo ceno bestia", "rightEye": "terra creta defleo"}, "flatAxis": {"leftEye": "supplanto spectaculum tamen", "rightEye": "aperio aliqua demergo"}, "iolImplanted": {"leftEye": "consectetur volutabrum animadverto", "rightEye": "perferendis sponte deporto"}, "anyOtherDetails": {"leftEye": "iusto tenuis cunae", "rightEye": "supplanto spectaculum tamen"}, "iolPowerPlanned": {"leftEye": "supplanto spectaculum tamen", "rightEye": "vitium audio allatus"}}, "slitLampFindings": {"lens": {"leftEye": "normal", "rightEye": "normal"}, "cornea": {"leftEye": "clear", "rightEye": "hazy"}, "eyelids": {"leftEye": "normal", "rightEye": "normal"}, "conjunctiva": {"leftEye": "normal", "rightEye": "mass"}}}	patior est enim	normal	\N	\N	[]	[{"id": 1, "name": "Penicillin", "reaction": "Rash, difficulty breathing", "severity": "High"}, {"id": 2, "name": "Sulfa drugs", "reaction": "Skin irritation", "severity": "Medium"}]	6/36	6/36			24	234	31	32	32	134	44	19	nctonometry	red-green-deficiency	sluggish	normal	{"findings": "corneal-opacity"}	patior est enim	t	f	\N	completed	2025-11-06 07:37:04.547	f	\N	\N	\N	2025-11-06 07:37:05	2025-11-06 07:37:05
cmhn46h0s0018lhg48anb3ovc	cmhn3w3tz000wlhg4mwx6yteg	cmhn157ow00007km0qay4vn71	{"near": {"leftEye": "N12", "rightEye": "N12", "binocular": "N12"}, "aided": {"leftEye": "", "rightEye": "", "binocular": ""}, "unaided": {"leftEye": "", "rightEye": "", "binocular": ""}, "distance": {"leftEye": "6/36", "rightEye": "6/36", "binocular": "6/9"}}	{"pd": "46", "add": {"leftEye": "32", "rightEye": "32"}, "axis": {"leftEye": "134", "rightEye": "31"}, "sphere": {"leftEye": "32", "rightEye": "24"}, "cylinder": {"leftEye": "32", "rightEye": "234"}}	{"iop": {"leftEye": "19", "rightEye": "44"}, "time": "", "method": "nctonometry"}	{"coverTest": "exotropia", "colorVision": "red-green-deficiency", "eyeAlignment": "normal", "pupilReaction": "sluggish", "anteriorSegment": "corneal-opacity", "extraocularMovements": "restricted"}	{"preOpParams": {"k1": {"leftEye": "defessus caritas suus", "rightEye": "certus appello color"}, "k2": {"leftEye": "crux ancilla tutamen", "rightEye": "constans antea valens"}, "acd": {"leftEye": "occaecati commodo velociter", "rightEye": "crux ancilla tutamen"}, "axl": {"leftEye": "voluptatum aspicio vulgus", "rightEye": "certus appello color"}, "flatAxis": {"leftEye": "asporto adfectus colo", "rightEye": "crux ancilla tutamen"}, "iolImplanted": {"leftEye": "video virgo deludo", "rightEye": "video virgo deludo"}, "anyOtherDetails": {"leftEye": "cunabula tego sufficio", "rightEye": "peior somnus suus"}, "iolPowerPlanned": {"leftEye": "certus appello color", "rightEye": "sol capillus nulla"}}, "slitLampFindings": {"lens": {"leftEye": "normal", "rightEye": "normal"}, "cornea": {"leftEye": "clear", "rightEye": "hazy"}, "eyelids": {"leftEye": "normal", "rightEye": "normal"}, "conjunctiva": {"leftEye": "normal", "rightEye": "mass"}}}	depopulo umbra aegrotatio	diabetic-retinopathy	\N	\N	[]	[{"id": 1, "name": "Penicillin", "reaction": "Rash, difficulty breathing", "severity": "High"}, {"id": 2, "name": "Sulfa drugs", "reaction": "Skin irritation", "severity": "Medium"}]	6/36	6/36			24	234	31	32	32	134	44	19	nctonometry	red-green-deficiency	sluggish	normal	{"findings": "corneal-opacity"}	depopulo umbra aegrotatio	t	f	\N	completed	2025-11-06 07:37:31.764	f	\N	\N	\N	2025-11-06 07:37:32.331	2025-11-06 07:37:32.331
cmhoiy8i80014lhnc0mx6q6b9	cmhogylna000olhnc9nd39tyx	cmhn157ow00007km0qay4vn71	{"near": {"leftEye": "N14", "rightEye": "N14", "binocular": "N14"}, "aided": {"leftEye": "", "rightEye": "", "binocular": ""}, "unaided": {"leftEye": "", "rightEye": "", "binocular": ""}, "distance": {"leftEye": "CF", "rightEye": "CF", "binocular": "6/6"}}	{"pd": "32", "add": {"leftEye": "233", "rightEye": "2"}, "axis": {"leftEye": "3", "rightEye": "32"}, "sphere": {"leftEye": "232", "rightEye": "32"}, "cylinder": {"leftEye": "32", "rightEye": "323"}}	{"iop": {"leftEye": "43", "rightEye": "43"}, "time": "", "method": "nctonometry"}	{"coverTest": "exotropia", "colorVision": "blue-yellow-deficiency", "eyeAlignment": "normal", "pupilReaction": "fixed", "anteriorSegment": "corneal-opacity", "extraocularMovements": "restricted"}	{"preOpParams": {"k1": {"leftEye": "343", "rightEye": "34"}, "k2": {"leftEye": "33", "rightEye": "33"}, "acd": {"leftEye": "333", "rightEye": "33"}, "axl": {"leftEye": "3", "rightEye": "33"}, "flatAxis": {"leftEye": "33", "rightEye": "33"}, "iolImplanted": {"leftEye": "33", "rightEye": "33"}, "anyOtherDetails": {"leftEye": "dsfggggggggg", "rightEye": "ggsfdddddd"}, "iolPowerPlanned": {"leftEye": "333", "rightEye": "333"}}, "slitLampFindings": {"lens": {"leftEye": "normal", "rightEye": "abnormal"}, "cornea": {"leftEye": "clear", "rightEye": "hazy"}, "eyelids": {"leftEye": "normal", "rightEye": "abnormal"}, "conjunctiva": {"leftEye": "normal", "rightEye": "congestion"}}}	asfsafe	glaucoma-suspect	\N	\N	[]	[{"id": 1, "name": "Penicillin", "reaction": "Rash, difficulty breathing", "severity": "High"}, {"id": 2, "name": "Sulfa drugs", "reaction": "Skin irritation", "severity": "Medium"}]	CF	CF			32	323	32	232	32	3	43	43	nctonometry	blue-yellow-deficiency	fixed	normal	{"findings": "corneal-opacity"}	asfsafe	t	f	\N	completed	2025-11-07 07:18:48.053	f	\N	\N	\N	2025-11-07 07:18:48.464	2025-11-07 07:18:48.464
cmhoiys840016lhnc60klt40s	cmhogy2mv000ilhnc5w7jlbit	cmhn157ow00007km0qay4vn71	{"near": {"leftEye": "N14", "rightEye": "N14", "binocular": "N14"}, "aided": {"leftEye": "", "rightEye": "", "binocular": ""}, "unaided": {"leftEye": "", "rightEye": "", "binocular": ""}, "distance": {"leftEye": "CF", "rightEye": "CF", "binocular": "6/6"}}	{"pd": "32", "add": {"leftEye": "233", "rightEye": "2"}, "axis": {"leftEye": "3", "rightEye": "32"}, "sphere": {"leftEye": "232", "rightEye": "32"}, "cylinder": {"leftEye": "32", "rightEye": "323"}}	{"iop": {"leftEye": "43", "rightEye": "43"}, "time": "", "method": "nctonometry"}	{"coverTest": "exotropia", "colorVision": "blue-yellow-deficiency", "eyeAlignment": "normal", "pupilReaction": "fixed", "anteriorSegment": "corneal-opacity", "extraocularMovements": "restricted"}	{"preOpParams": {"k1": {"leftEye": "343", "rightEye": "34"}, "k2": {"leftEye": "33", "rightEye": "33"}, "acd": {"leftEye": "333", "rightEye": "33"}, "axl": {"leftEye": "3", "rightEye": "33"}, "flatAxis": {"leftEye": "33", "rightEye": "33"}, "iolImplanted": {"leftEye": "33", "rightEye": "33"}, "anyOtherDetails": {"leftEye": "dsfggggggggg", "rightEye": "ggsfdddddd"}, "iolPowerPlanned": {"leftEye": "333", "rightEye": "333"}}, "slitLampFindings": {"lens": {"leftEye": "normal", "rightEye": "abnormal"}, "cornea": {"leftEye": "clear", "rightEye": "hazy"}, "eyelids": {"leftEye": "normal", "rightEye": "abnormal"}, "conjunctiva": {"leftEye": "normal", "rightEye": "congestion"}}}	asfsafeasfddddddd	conjunctivitis	\N	\N	[]	[{"id": 1, "name": "Penicillin", "reaction": "Rash, difficulty breathing", "severity": "High"}, {"id": 2, "name": "Sulfa drugs", "reaction": "Skin irritation", "severity": "Medium"}, {"id": 3, "name": "Latex", "reaction": "Contact dermatitis", "severity": "Low"}]	CF	CF			32	323	32	232	32	3	43	43	nctonometry	blue-yellow-deficiency	fixed	normal	{"findings": "corneal-opacity"}	asfsafeasfddddddd	t	f	\N	completed	2025-11-07 07:19:13.789	f	\N	\N	\N	2025-11-07 07:19:14.02	2025-11-07 07:19:14.02
cmhoizahr0018lhnco5clgg6a	cmhogxq1i000clhncogssvcj9	cmhn157ow00007km0qay4vn71	{"near": {"leftEye": "N14", "rightEye": "N14", "binocular": "N14"}, "aided": {"leftEye": "", "rightEye": "", "binocular": ""}, "unaided": {"leftEye": "", "rightEye": "", "binocular": ""}, "distance": {"leftEye": "CF", "rightEye": "CF", "binocular": "6/6"}}	{"pd": "32", "add": {"leftEye": "233", "rightEye": "2"}, "axis": {"leftEye": "3", "rightEye": "32"}, "sphere": {"leftEye": "232", "rightEye": "32"}, "cylinder": {"leftEye": "32", "rightEye": "323"}}	{"iop": {"leftEye": "43", "rightEye": "43"}, "time": "", "method": "nctonometry"}	{"coverTest": "exotropia", "colorVision": "blue-yellow-deficiency", "eyeAlignment": "normal", "pupilReaction": "fixed", "anteriorSegment": "corneal-opacity", "extraocularMovements": "restricted"}	{"preOpParams": {"k1": {"leftEye": "343", "rightEye": "34"}, "k2": {"leftEye": "33", "rightEye": "33"}, "acd": {"leftEye": "333", "rightEye": "33"}, "axl": {"leftEye": "3", "rightEye": "33"}, "flatAxis": {"leftEye": "33", "rightEye": "33"}, "iolImplanted": {"leftEye": "33", "rightEye": "33"}, "anyOtherDetails": {"leftEye": "dsfggggggggg", "rightEye": "ggsfdddddd"}, "iolPowerPlanned": {"leftEye": "333", "rightEye": "333"}}, "slitLampFindings": {"lens": {"leftEye": "normal", "rightEye": "abnormal"}, "cornea": {"leftEye": "clear", "rightEye": "hazy"}, "eyelids": {"leftEye": "normal", "rightEye": "abnormal"}, "conjunctiva": {"leftEye": "normal", "rightEye": "congestion"}}}	asfsafeasfdddddddasssssssssssss	refractive-error	\N	\N	[]	[{"id": 1, "name": "Penicillin", "reaction": "Rash, difficulty breathing", "severity": "High"}, {"id": 2, "name": "Sulfa drugs", "reaction": "Skin irritation", "severity": "Medium"}]	CF	CF			32	323	32	232	32	3	43	43	nctonometry	blue-yellow-deficiency	fixed	normal	{"findings": "corneal-opacity"}	asfsafeasfdddddddasssssssssssss	t	f	\N	completed	2025-11-07 07:19:37.381	f	\N	\N	\N	2025-11-07 07:19:37.696	2025-11-07 07:19:37.696
cmhoizi9e001alhncm3eyrw7v	cmhogyvj1000ulhncjjoom63h	cmhn157ow00007km0qay4vn71	{"near": {"leftEye": "N14", "rightEye": "N14", "binocular": "N14"}, "aided": {"leftEye": "", "rightEye": "", "binocular": ""}, "unaided": {"leftEye": "", "rightEye": "", "binocular": ""}, "distance": {"leftEye": "CF", "rightEye": "CF", "binocular": "6/6"}}	{"pd": "32", "add": {"leftEye": "233", "rightEye": "2"}, "axis": {"leftEye": "3", "rightEye": "32"}, "sphere": {"leftEye": "232", "rightEye": "32"}, "cylinder": {"leftEye": "32", "rightEye": "323"}}	{"iop": {"leftEye": "43", "rightEye": "43"}, "time": "", "method": "nctonometry"}	{"coverTest": "exotropia", "colorVision": "blue-yellow-deficiency", "eyeAlignment": "normal", "pupilReaction": "fixed", "anteriorSegment": "corneal-opacity", "extraocularMovements": "restricted"}	{"preOpParams": {"k1": {"leftEye": "343", "rightEye": "34"}, "k2": {"leftEye": "33", "rightEye": "33"}, "acd": {"leftEye": "333", "rightEye": "33"}, "axl": {"leftEye": "3", "rightEye": "33"}, "flatAxis": {"leftEye": "33", "rightEye": "33"}, "iolImplanted": {"leftEye": "33", "rightEye": "33"}, "anyOtherDetails": {"leftEye": "dsfggggggggg", "rightEye": "ggsfdddddd"}, "iolPowerPlanned": {"leftEye": "333", "rightEye": "333"}}, "slitLampFindings": {"lens": {"leftEye": "normal", "rightEye": "abnormal"}, "cornea": {"leftEye": "clear", "rightEye": "hazy"}, "eyelids": {"leftEye": "normal", "rightEye": "abnormal"}, "conjunctiva": {"leftEye": "normal", "rightEye": "congestion"}}}	asfsafeasfdddddddasssasfdssssssssss	normal	\N	\N	[]	[]	CF	CF			32	323	32	232	32	3	43	43	nctonometry	blue-yellow-deficiency	fixed	normal	{"findings": "corneal-opacity"}	asfsafeasfdddddddasssasfdssssssssss	t	f	\N	completed	2025-11-07 07:19:47.549	f	\N	\N	\N	2025-11-07 07:19:47.763	2025-11-07 07:19:47.763
cmhoizqta001clhncbazzkmwh	cmhogz8gv0010lhncbs159v14	cmhn157ow00007km0qay4vn71	{"near": {"leftEye": "N14", "rightEye": "N14", "binocular": "N14"}, "aided": {"leftEye": "", "rightEye": "", "binocular": ""}, "unaided": {"leftEye": "", "rightEye": "", "binocular": ""}, "distance": {"leftEye": "CF", "rightEye": "CF", "binocular": "6/6"}}	{"pd": "32", "add": {"leftEye": "233", "rightEye": "2"}, "axis": {"leftEye": "3", "rightEye": "32"}, "sphere": {"leftEye": "232", "rightEye": "32"}, "cylinder": {"leftEye": "32", "rightEye": "323"}}	{"iop": {"leftEye": "43", "rightEye": "43"}, "time": "", "method": "nctonometry"}	{"coverTest": "exotropia", "colorVision": "blue-yellow-deficiency", "eyeAlignment": "normal", "pupilReaction": "fixed", "anteriorSegment": "corneal-opacity", "extraocularMovements": "restricted"}	{"preOpParams": {"k1": {"leftEye": "343", "rightEye": "34"}, "k2": {"leftEye": "33", "rightEye": "33"}, "acd": {"leftEye": "333", "rightEye": "33"}, "axl": {"leftEye": "3", "rightEye": "33"}, "flatAxis": {"leftEye": "33", "rightEye": "33"}, "iolImplanted": {"leftEye": "33", "rightEye": "33"}, "anyOtherDetails": {"leftEye": "dsfggggggggg", "rightEye": "ggsfdddddd"}, "iolPowerPlanned": {"leftEye": "333", "rightEye": "333"}}, "slitLampFindings": {"lens": {"leftEye": "normal", "rightEye": "abnormal"}, "cornea": {"leftEye": "clear", "rightEye": "hazy"}, "eyelids": {"leftEye": "normal", "rightEye": "abnormal"}, "conjunctiva": {"leftEye": "normal", "rightEye": "congestion"}}}	asfsafeasfdddddddasssasfdssssssssssaaaaaaaaaaaa	dry-eye	\N	\N	[]	[{"id": 1, "name": "Penicillin", "reaction": "Rash, difficulty breathing", "severity": "High"}, {"id": 2, "name": "Sulfa drugs", "reaction": "Skin irritation", "severity": "Medium"}]	CF	CF			32	323	32	232	32	3	43	43	nctonometry	blue-yellow-deficiency	fixed	normal	{"findings": "corneal-opacity"}	asfsafeasfdddddddasssasfdssssssssssaaaaaaaaaaaa	t	f	\N	completed	2025-11-07 07:19:58.517	f	\N	\N	\N	2025-11-07 07:19:58.846	2025-11-07 07:19:58.846
cmhojvyi600087kmc4lot9gun	cmhoj800z001olhncqkn65u25	cmhn157ow00007km0qay4vn71	{"near": {"leftEye": "", "rightEye": "", "binocular": ""}, "aided": {"leftEye": "", "rightEye": "", "binocular": ""}, "unaided": {"leftEye": "", "rightEye": "", "binocular": ""}, "distance": {"leftEye": "", "rightEye": "", "binocular": ""}}	{"pd": "", "add": {"leftEye": "", "rightEye": ""}, "axis": {"leftEye": "", "rightEye": ""}, "sphere": {"leftEye": "", "rightEye": ""}, "cylinder": {"leftEye": "", "rightEye": ""}}	{"iop": {"leftEye": "", "rightEye": ""}, "time": "", "method": "goldmann"}	{"coverTest": "orthophoric", "colorVision": "normal", "eyeAlignment": "normal", "pupilReaction": "normal", "anteriorSegment": "normal", "extraocularMovements": "full"}	{"preOpParams": {"k1": {"leftEye": "", "rightEye": ""}, "k2": {"leftEye": "", "rightEye": ""}, "acd": {"leftEye": "", "rightEye": ""}, "axl": {"leftEye": "", "rightEye": ""}, "flatAxis": {"leftEye": "", "rightEye": ""}, "iolImplanted": {"leftEye": "", "rightEye": ""}, "anyOtherDetails": {"leftEye": "", "rightEye": ""}, "iolPowerPlanned": {"leftEye": "", "rightEye": ""}}, "slitLampFindings": {"lens": {"leftEye": "normal", "rightEye": "normal"}, "cornea": {"leftEye": "clear", "rightEye": "clear"}, "eyelids": {"leftEye": "normal", "rightEye": "normal"}, "conjunctiva": {"leftEye": "normal", "rightEye": "normal"}}}			\N	\N	[]	[{"id": 1, "name": "Penicillin", "reaction": "Rash, difficulty breathing", "severity": "High"}]					\N	\N	\N	\N	\N	\N	\N	\N	goldmann	normal	normal	normal	{"findings": "normal"}		t	f	\N	completed	2025-11-07 07:45:01.436	f	\N	\N	\N	2025-11-07 07:45:01.806	2025-11-07 07:45:01.806
cmhom5vqk002xlhnc4j92tony	cmhoj8axe001vlhnc4by7zg3l	cmhn157ow00007km0qay4vn71	{"near": {"leftEye": "N10", "rightEye": "N10", "binocular": "N12"}, "aided": {"leftEye": "", "rightEye": "", "binocular": ""}, "unaided": {"leftEye": "", "rightEye": "", "binocular": ""}, "distance": {"leftEye": "6/24", "rightEye": "6/36", "binocular": "6/12"}}	{"pd": "67", "add": {"leftEye": "59", "rightEye": "25"}, "axis": {"leftEye": "76", "rightEye": "40"}, "sphere": {"leftEye": "25", "rightEye": "78"}, "cylinder": {"leftEye": "35", "rightEye": "25"}}	{"iop": {"leftEye": "67", "rightEye": "59"}, "time": "", "method": "goldmann"}	{"coverTest": "esotropia", "colorVision": "blue-yellow-deficiency", "eyeAlignment": "normal", "pupilReaction": "fixed", "anteriorSegment": "cataract", "extraocularMovements": "restricted"}	{"preOpParams": {"k1": {"leftEye": "rem suasoria deludo", "rightEye": "ter convoco congregatio"}, "k2": {"leftEye": "provident atavus deporto", "rightEye": "rem suasoria deludo"}, "acd": {"leftEye": "talio subiungo tenuis", "rightEye": "est crustulum qui"}, "axl": {"leftEye": "eveniet appono cribro", "rightEye": "talio subiungo tenuis"}, "flatAxis": {"leftEye": "ter convoco congregatio", "rightEye": "atavus perferendis cauda"}, "iolImplanted": {"leftEye": "est crustulum qui", "rightEye": "quos aetas tres"}, "anyOtherDetails": {"leftEye": "acidus suppono ad", "rightEye": "ter convoco congregatio"}, "iolPowerPlanned": {"leftEye": "quos aetas tres", "rightEye": "atavus perferendis cauda"}}, "slitLampFindings": {"lens": {"leftEye": "normal", "rightEye": "abnormal"}, "cornea": {"leftEye": "clear", "rightEye": "hazy"}, "eyelids": {"leftEye": "normal", "rightEye": "abnormal"}, "conjunctiva": {"leftEye": "normal", "rightEye": "sch"}}}	usque bonus minima	glaucoma-suspect	\N	\N	[]	[{"id": 1, "name": "Penicillin", "reaction": "Rash, difficulty breathing", "severity": "High"}]	6/36	6/24			78	25	40	25	35	76	59	67	goldmann	blue-yellow-deficiency	fixed	normal	{"findings": "cataract"}	usque bonus minima	t	f	\N	completed	2025-11-07 08:48:43.643	f	\N	\N	\N	2025-11-07 08:48:44.012	2025-11-07 08:48:44.012
cmhom630f002zlhnczng5opw1	cmhoj7puq001hlhncouhrcgix	cmhn157ow00007km0qay4vn71	{"near": {"leftEye": "N10", "rightEye": "N10", "binocular": "N12"}, "aided": {"leftEye": "", "rightEye": "", "binocular": ""}, "unaided": {"leftEye": "", "rightEye": "", "binocular": ""}, "distance": {"leftEye": "6/24", "rightEye": "6/36", "binocular": "6/12"}}	{"pd": "67", "add": {"leftEye": "59", "rightEye": "25"}, "axis": {"leftEye": "76", "rightEye": "40"}, "sphere": {"leftEye": "25", "rightEye": "78"}, "cylinder": {"leftEye": "35", "rightEye": "25"}}	{"iop": {"leftEye": "67", "rightEye": "59"}, "time": "", "method": "goldmann"}	{"coverTest": "esotropia", "colorVision": "blue-yellow-deficiency", "eyeAlignment": "normal", "pupilReaction": "fixed", "anteriorSegment": "cataract", "extraocularMovements": "restricted"}	{"preOpParams": {"k1": {"leftEye": "rem suasoria deludo", "rightEye": "ter convoco congregatio"}, "k2": {"leftEye": "provident atavus deporto", "rightEye": "rem suasoria deludo"}, "acd": {"leftEye": "talio subiungo tenuis", "rightEye": "est crustulum qui"}, "axl": {"leftEye": "eveniet appono cribro", "rightEye": "talio subiungo tenuis"}, "flatAxis": {"leftEye": "ter convoco congregatio", "rightEye": "atavus perferendis cauda"}, "iolImplanted": {"leftEye": "est crustulum qui", "rightEye": "quos aetas tres"}, "anyOtherDetails": {"leftEye": "acidus suppono ad", "rightEye": "ter convoco congregatio"}, "iolPowerPlanned": {"leftEye": "quos aetas tres", "rightEye": "atavus perferendis cauda"}}, "slitLampFindings": {"lens": {"leftEye": "normal", "rightEye": "abnormal"}, "cornea": {"leftEye": "clear", "rightEye": "hazy"}, "eyelids": {"leftEye": "normal", "rightEye": "abnormal"}, "conjunctiva": {"leftEye": "normal", "rightEye": "sch"}}}	usque bonus minima	glaucoma-suspect	\N	\N	[]	[{"id": 1, "name": "Penicillin", "reaction": "Rash, difficulty breathing", "severity": "High"}, {"id": 2, "name": "Sulfa drugs", "reaction": "Skin irritation", "severity": "Medium"}, {"id": 3, "name": "Latex", "reaction": "Contact dermatitis", "severity": "Low"}]	6/36	6/24			78	25	40	25	35	76	59	67	goldmann	blue-yellow-deficiency	fixed	normal	{"findings": "cataract"}	usque bonus minima	t	f	\N	completed	2025-11-07 08:48:53.026	f	\N	\N	\N	2025-11-07 08:48:53.438	2025-11-07 08:48:53.438
cmhom6a9c0031lhncnomix6ey	cmhoj98n0002glhncp3xrjd9e	cmhn157ow00007km0qay4vn71	{"near": {"leftEye": "N10", "rightEye": "N10", "binocular": "N12"}, "aided": {"leftEye": "", "rightEye": "", "binocular": ""}, "unaided": {"leftEye": "", "rightEye": "", "binocular": ""}, "distance": {"leftEye": "6/24", "rightEye": "6/36", "binocular": "6/12"}}	{"pd": "67", "add": {"leftEye": "59", "rightEye": "25"}, "axis": {"leftEye": "76", "rightEye": "40"}, "sphere": {"leftEye": "25", "rightEye": "78"}, "cylinder": {"leftEye": "35", "rightEye": "25"}}	{"iop": {"leftEye": "67", "rightEye": "59"}, "time": "", "method": "goldmann"}	{"coverTest": "esotropia", "colorVision": "blue-yellow-deficiency", "eyeAlignment": "normal", "pupilReaction": "fixed", "anteriorSegment": "cataract", "extraocularMovements": "restricted"}	{"preOpParams": {"k1": {"leftEye": "rem suasoria deludo", "rightEye": "ter convoco congregatio"}, "k2": {"leftEye": "provident atavus deporto", "rightEye": "rem suasoria deludo"}, "acd": {"leftEye": "talio subiungo tenuis", "rightEye": "est crustulum qui"}, "axl": {"leftEye": "eveniet appono cribro", "rightEye": "talio subiungo tenuis"}, "flatAxis": {"leftEye": "ter convoco congregatio", "rightEye": "atavus perferendis cauda"}, "iolImplanted": {"leftEye": "est crustulum qui", "rightEye": "quos aetas tres"}, "anyOtherDetails": {"leftEye": "acidus suppono ad", "rightEye": "ter convoco congregatio"}, "iolPowerPlanned": {"leftEye": "quos aetas tres", "rightEye": "atavus perferendis cauda"}}, "slitLampFindings": {"lens": {"leftEye": "normal", "rightEye": "abnormal"}, "cornea": {"leftEye": "clear", "rightEye": "hazy"}, "eyelids": {"leftEye": "normal", "rightEye": "abnormal"}, "conjunctiva": {"leftEye": "normal", "rightEye": "sch"}}}	usque bonus minima	glaucoma-suspect	\N	\N	[]	[{"id": 1, "name": "Penicillin", "reaction": "Rash, difficulty breathing", "severity": "High"}, {"id": 2, "name": "Sulfa drugs", "reaction": "Skin irritation", "severity": "Medium"}]	6/36	6/24			78	25	40	25	35	76	59	67	goldmann	blue-yellow-deficiency	fixed	normal	{"findings": "cataract"}	usque bonus minima	t	f	\N	completed	2025-11-07 08:49:02.45	f	\N	\N	\N	2025-11-07 08:49:02.832	2025-11-07 08:49:02.832
cmhom6eil0033lhnc8ofnwqtw	cmhoj9l0g002nlhncrw1bolsl	cmhn157ow00007km0qay4vn71	{"near": {"leftEye": "N10", "rightEye": "N10", "binocular": "N12"}, "aided": {"leftEye": "", "rightEye": "", "binocular": ""}, "unaided": {"leftEye": "", "rightEye": "", "binocular": ""}, "distance": {"leftEye": "6/24", "rightEye": "6/36", "binocular": "6/12"}}	{"pd": "67", "add": {"leftEye": "59", "rightEye": "25"}, "axis": {"leftEye": "76", "rightEye": "40"}, "sphere": {"leftEye": "25", "rightEye": "78"}, "cylinder": {"leftEye": "35", "rightEye": "25"}}	{"iop": {"leftEye": "67", "rightEye": "59"}, "time": "", "method": "goldmann"}	{"coverTest": "esotropia", "colorVision": "blue-yellow-deficiency", "eyeAlignment": "normal", "pupilReaction": "fixed", "anteriorSegment": "cataract", "extraocularMovements": "restricted"}	{"preOpParams": {"k1": {"leftEye": "rem suasoria deludo", "rightEye": "ter convoco congregatio"}, "k2": {"leftEye": "provident atavus deporto", "rightEye": "rem suasoria deludo"}, "acd": {"leftEye": "talio subiungo tenuis", "rightEye": "est crustulum qui"}, "axl": {"leftEye": "eveniet appono cribro", "rightEye": "talio subiungo tenuis"}, "flatAxis": {"leftEye": "ter convoco congregatio", "rightEye": "atavus perferendis cauda"}, "iolImplanted": {"leftEye": "est crustulum qui", "rightEye": "quos aetas tres"}, "anyOtherDetails": {"leftEye": "acidus suppono ad", "rightEye": "ter convoco congregatio"}, "iolPowerPlanned": {"leftEye": "quos aetas tres", "rightEye": "atavus perferendis cauda"}}, "slitLampFindings": {"lens": {"leftEye": "normal", "rightEye": "abnormal"}, "cornea": {"leftEye": "clear", "rightEye": "hazy"}, "eyelids": {"leftEye": "normal", "rightEye": "abnormal"}, "conjunctiva": {"leftEye": "normal", "rightEye": "sch"}}}	usque bonus minima	glaucoma-suspect	\N	\N	[]	[{"id": 1, "name": "Penicillin", "reaction": "Rash, difficulty breathing", "severity": "High"}, {"id": 2, "name": "Sulfa drugs", "reaction": "Skin irritation", "severity": "Medium"}]	6/36	6/24			78	25	40	25	35	76	59	67	goldmann	blue-yellow-deficiency	fixed	normal	{"findings": "cataract"}	usque bonus minima	t	f	\N	completed	2025-11-07 08:49:08.002	f	\N	\N	\N	2025-11-07 08:49:08.349	2025-11-07 08:49:08.349
cmhom6rvu0035lhncn5yu50sk	cmhoj8ljg0022lhnc92z9yq75	cmhn157ow00007km0qay4vn71	{"near": {"leftEye": "N10", "rightEye": "N10", "binocular": "N12"}, "aided": {"leftEye": "", "rightEye": "", "binocular": ""}, "unaided": {"leftEye": "", "rightEye": "", "binocular": ""}, "distance": {"leftEye": "6/24", "rightEye": "6/36", "binocular": "6/12"}}	{"pd": "67", "add": {"leftEye": "59", "rightEye": "25"}, "axis": {"leftEye": "76", "rightEye": "40"}, "sphere": {"leftEye": "25", "rightEye": "78"}, "cylinder": {"leftEye": "35", "rightEye": "25"}}	{"iop": {"leftEye": "67", "rightEye": "59"}, "time": "", "method": "goldmann"}	{"coverTest": "esotropia", "colorVision": "blue-yellow-deficiency", "eyeAlignment": "normal", "pupilReaction": "fixed", "anteriorSegment": "cataract", "extraocularMovements": "restricted"}	{"preOpParams": {"k1": {"leftEye": "tubineus contigo territo", "rightEye": "aggero contra tondeo"}, "k2": {"leftEye": "rem suasoria deludo", "rightEye": "cumque vesica spes"}, "acd": {"leftEye": "rem suasoria deludo", "rightEye": "provident atavus deporto"}, "axl": {"leftEye": "aggero contra tondeo", "rightEye": "aggero contra tondeo"}, "flatAxis": {"leftEye": "maiores cicuta blanditiis", "rightEye": "admitto surgo tumultus"}, "iolImplanted": {"leftEye": "cumque vesica spes", "rightEye": "alias copiose apparatus"}, "anyOtherDetails": {"leftEye": "rem suasoria deludo", "rightEye": "rem suasoria deludo"}, "iolPowerPlanned": {"leftEye": "eveniet appono cribro", "rightEye": "theatrum delectatio praesentium"}}, "slitLampFindings": {"lens": {"leftEye": "normal", "rightEye": "abnormal"}, "cornea": {"leftEye": "clear", "rightEye": "hazy"}, "eyelids": {"leftEye": "normal", "rightEye": "abnormal"}, "conjunctiva": {"leftEye": "normal", "rightEye": "sch"}}}	tubineus contigo territo	glaucoma-suspect	\N	\N	[]	[{"id": 1, "name": "Penicillin", "reaction": "Rash, difficulty breathing", "severity": "High"}]	6/36	6/24			78	25	40	25	35	76	59	67	goldmann	blue-yellow-deficiency	fixed	normal	{"findings": "cataract"}	tubineus contigo territo	t	f	\N	completed	2025-11-07 08:49:25.219	f	\N	\N	\N	2025-11-07 08:49:25.672	2025-11-07 08:49:25.672
cmhom6xc50037lhnc5tnjgfv4	cmhoj8wrt0029lhncg0esis8v	cmhn157ow00007km0qay4vn71	{"near": {"leftEye": "N10", "rightEye": "N10", "binocular": "N12"}, "aided": {"leftEye": "", "rightEye": "", "binocular": ""}, "unaided": {"leftEye": "", "rightEye": "", "binocular": ""}, "distance": {"leftEye": "6/24", "rightEye": "6/36", "binocular": "6/12"}}	{"pd": "67", "add": {"leftEye": "59", "rightEye": "25"}, "axis": {"leftEye": "76", "rightEye": "40"}, "sphere": {"leftEye": "25", "rightEye": "78"}, "cylinder": {"leftEye": "35", "rightEye": "25"}}	{"iop": {"leftEye": "67", "rightEye": "59"}, "time": "", "method": "goldmann"}	{"coverTest": "esotropia", "colorVision": "blue-yellow-deficiency", "eyeAlignment": "normal", "pupilReaction": "fixed", "anteriorSegment": "cataract", "extraocularMovements": "restricted"}	{"preOpParams": {"k1": {"leftEye": "tubineus contigo territo", "rightEye": "aggero contra tondeo"}, "k2": {"leftEye": "rem suasoria deludo", "rightEye": "cumque vesica spes"}, "acd": {"leftEye": "rem suasoria deludo", "rightEye": "provident atavus deporto"}, "axl": {"leftEye": "aggero contra tondeo", "rightEye": "aggero contra tondeo"}, "flatAxis": {"leftEye": "maiores cicuta blanditiis", "rightEye": "admitto surgo tumultus"}, "iolImplanted": {"leftEye": "cumque vesica spes", "rightEye": "alias copiose apparatus"}, "anyOtherDetails": {"leftEye": "rem suasoria deludo", "rightEye": "rem suasoria deludo"}, "iolPowerPlanned": {"leftEye": "eveniet appono cribro", "rightEye": "theatrum delectatio praesentium"}}, "slitLampFindings": {"lens": {"leftEye": "normal", "rightEye": "abnormal"}, "cornea": {"leftEye": "clear", "rightEye": "hazy"}, "eyelids": {"leftEye": "normal", "rightEye": "abnormal"}, "conjunctiva": {"leftEye": "normal", "rightEye": "sch"}}}	tubineus contigo territo	glaucoma-suspect	\N	\N	[]	[{"id": 1, "name": "Penicillin", "reaction": "Rash, difficulty breathing", "severity": "High"}, {"id": 2, "name": "Sulfa drugs", "reaction": "Skin irritation", "severity": "Medium"}]	6/36	6/24			78	25	40	25	35	76	59	67	goldmann	blue-yellow-deficiency	fixed	normal	{"findings": "cataract"}	tubineus contigo territo	t	f	\N	completed	2025-11-07 08:49:32.395	f	\N	\N	\N	2025-11-07 08:49:32.741	2025-11-07 08:49:32.741
cmhom72ht0039lhncnjv5bjmv	cmhojug7x00047kmcskgh0dzh	cmhn157ow00007km0qay4vn71	{"near": {"leftEye": "N10", "rightEye": "N10", "binocular": "N12"}, "aided": {"leftEye": "", "rightEye": "", "binocular": ""}, "unaided": {"leftEye": "", "rightEye": "", "binocular": ""}, "distance": {"leftEye": "6/24", "rightEye": "6/36", "binocular": "6/12"}}	{"pd": "67", "add": {"leftEye": "59", "rightEye": "25"}, "axis": {"leftEye": "76", "rightEye": "40"}, "sphere": {"leftEye": "25", "rightEye": "78"}, "cylinder": {"leftEye": "35", "rightEye": "25"}}	{"iop": {"leftEye": "67", "rightEye": "59"}, "time": "", "method": "goldmann"}	{"coverTest": "esotropia", "colorVision": "blue-yellow-deficiency", "eyeAlignment": "normal", "pupilReaction": "fixed", "anteriorSegment": "cataract", "extraocularMovements": "restricted"}	{"preOpParams": {"k1": {"leftEye": "tubineus contigo territo", "rightEye": "aggero contra tondeo"}, "k2": {"leftEye": "rem suasoria deludo", "rightEye": "cumque vesica spes"}, "acd": {"leftEye": "rem suasoria deludo", "rightEye": "provident atavus deporto"}, "axl": {"leftEye": "aggero contra tondeo", "rightEye": "aggero contra tondeo"}, "flatAxis": {"leftEye": "maiores cicuta blanditiis", "rightEye": "admitto surgo tumultus"}, "iolImplanted": {"leftEye": "cumque vesica spes", "rightEye": "alias copiose apparatus"}, "anyOtherDetails": {"leftEye": "rem suasoria deludo", "rightEye": "rem suasoria deludo"}, "iolPowerPlanned": {"leftEye": "eveniet appono cribro", "rightEye": "theatrum delectatio praesentium"}}, "slitLampFindings": {"lens": {"leftEye": "normal", "rightEye": "abnormal"}, "cornea": {"leftEye": "clear", "rightEye": "hazy"}, "eyelids": {"leftEye": "normal", "rightEye": "abnormal"}, "conjunctiva": {"leftEye": "normal", "rightEye": "sch"}}}	tubineus contigo territo	glaucoma-suspect	\N	\N	[]	[{"id": 1, "name": "Penicillin", "reaction": "Rash, difficulty breathing", "severity": "High"}]	6/36	6/24			78	25	40	25	35	76	59	67	goldmann	blue-yellow-deficiency	fixed	normal	{"findings": "cataract"}	tubineus contigo territo	t	f	\N	completed	2025-11-07 08:49:39.027	f	\N	\N	\N	2025-11-07 08:49:39.425	2025-11-07 08:49:39.425
\.


--
-- Data for Name: ot_emergency_stock_register; Type: TABLE DATA; Schema: public; Owner: -
--

COPY public.ot_emergency_stock_register (id, "srNo", "nameOfInjection", "expectedStock", "brandName", "batchNo", "marginDate", "expiryDate", sign, "createdAt", "updatedAt", "createdBy") FROM stdin;
cmhm5tkvp00007k98hd7eyxxc	1	hhh	2	bb	bbt1	2025-11-05 00:00:00	2025-11-14 00:00:00	ms	2025-11-05 15:35:43.862	2025-11-05 15:35:43.862	cmhm2mphl00007kioks3r4zvn
cmhm7s9fh00007kgwqef3wztx	2	ghgdhf	23	fjf	fhfh466	2025-11-05 00:00:00	2025-11-26 00:00:00	gg	2025-11-05 16:30:41.597	2025-11-05 16:30:41.597	cmhm2mphl00007kioks3r4zvn
\.


--
-- Data for Name: ot_temperature_register; Type: TABLE DATA; Schema: public; Owner: -
--

COPY public.ot_temperature_register (id, date, "temperature9Am", "temperature12Pm", "temperature3Pm", "temperature6Pm", "humidity9Am", "humidity12Pm", "humidity3Pm", "humidity6Pm", "pressure9Am", "pressure12Pm", "pressure3Pm", "pressure6Pm", "createdAt", "updatedAt", "createdBy", sign) FROM stdin;
cmhm5hd1300047krofski9taw	2025-11-05 00:00:00	-0.1	0.1	0.1	0.1	0.1	0.1	0.2	0.1	0.1	0.1	0.1	0.1	2025-11-05 15:26:13.809	2025-11-05 15:26:13.809	cmhm2mphl00007kioks3r4zvn	\N
cmhofe2zz00007kmci16skgxu	2025-11-07 00:00:00	10	20	30	25	10	20	30	25	12	15	15	20	2025-11-07 05:39:09.279	2025-11-07 05:39:09.279	cmhn157z300047km0x8j865ec	
\.


--
-- Data for Name: otps; Type: TABLE DATA; Schema: public; Owner: -
--

COPY public.otps (id, identifier, otp, purpose, "expiresAt", attempts, "maxAttempts", "isUsed", "ipAddress", "userAgent", "createdAt", "updatedAt") FROM stdin;
\.


--
-- Data for Name: patient_queue; Type: TABLE DATA; Schema: public; Owner: -
--

COPY public.patient_queue (id, "patientId", "patientVisitId", "queueFor", "queueNumber", priority, "priorityLabel", status, "assignedStaffId", "doctorQueuePosition", "estimatedWaitTime", "joinedAt", "calledAt", "inProgressAt", "completedAt", "onHoldAt", "resumedAt", "holdReason", "estimatedResumeTime", "actualHoldDuration", notes, "transferReason", "createdAt", "updatedAt", "receptionist2Reviewed", "receptionist2ReviewedAt", "receptionist2ReviewedBy", "receptionist2Notes") FROM stdin;
cmhn3uy60000dlhg4andsshf7	cmhn3uti70007lhg41kdw37g9	cmhn3uy4n000blhg4uczzxymd	OPHTHALMOLOGIST	3	0	FOLLOWUP	COMPLETED	cmhn157vr00037km0gv0ixhzn	2	\N	2025-11-06 07:28:34.678	2025-11-06 10:11:05.329	2025-11-06 10:41:22.525	2025-11-07 05:22:35.857	\N	\N	\N	\N	\N	Queue reordered - Shifted from 2 to 3	\N	2025-11-06 07:28:34.68	2025-11-07 05:22:35.858	f	\N	\N	\N
cmhn3vqv7000rlhg42ihu7fts	cmhn3vn2v000llhg4wt32wiph	cmhn3vquf000plhg4vabz6hb7	OPHTHALMOLOGIST	1	0	LONGWAIT	COMPLETED	cmhn157vr00037km0gv0ixhzn	1	\N	2025-11-06 07:29:11.872	2025-11-06 11:20:53.515	2025-11-07 05:22:39.799	2025-11-07 05:28:25.965	\N	\N	\N	\N	\N	Queue reordered - Moved to position 1	\N	2025-11-06 07:29:11.875	2025-11-07 05:28:25.967	f	\N	\N	\N
cmhn3qvpd0006lhg4rofnp4ni	cmhn3qqve0000lhg4w8a6xd3y	cmhn3qvo40004lhg4rhwjayd3	OPHTHALMOLOGIST	1	0	REFERRAL	COMPLETED	cmhn157vr00037km0gv0ixhzn	3	\N	2025-11-06 07:25:24.863	2025-11-06 11:20:57.342	2025-11-07 05:28:30.899	2025-11-07 05:29:32.605	\N	\N	\N	\N	\N	Queue reordered - Shifted from 1 to 2	\N	2025-11-06 07:25:24.865	2025-11-07 05:29:32.607	f	\N	\N	\N
cmhogylns000qlhncind31k4y	cmhn3vb03000elhg43hu9xbfh	cmhogylna000olhnc9nd39tyx	OPHTHALMOLOGIST	1	0	ROUTINE	COMPLETED	cmhn157vr00037km0gv0ixhzn	1	30	2025-11-07 06:23:06.279	2025-11-07 08:12:17.316	2025-11-07 08:12:20.195	2025-11-07 11:26:07.48	2025-11-07 10:31:23.152	2025-11-07 11:02:00.439	Eye drops applied by cmhn4ec1k0019lhg4ijozo1sr at 4:01:58 pm	2025-11-07 11:01:58.743	30	Time-sensitive pre-operative evaluation needed - Position changed from 3 to 1	\N	2025-11-07 06:23:06.28	2025-11-07 11:26:07.481	f	\N	\N	\N
cmhn3veia000klhg47qh0kudi	cmhn3vb03000elhg43hu9xbfh	cmhn3vehd000ilhg4j7ozpz3m	OPHTHALMOLOGIST	1	0	PRIORITY	COMPLETED	cmhn157vr00037km0gv0ixhzn	2	\N	2025-11-06 07:28:55.855	2025-11-06 11:20:54.663	2025-11-07 05:29:35.148	2025-11-07 05:30:19.802	\N	\N	\N	\N	\N	Queue reordered - Shifted from 3 to 4	\N	2025-11-06 07:28:55.858	2025-11-07 05:30:19.804	f	\N	\N	\N
cmhn3w3um000ylhg4ano1svu5	cmhn3w00f000slhg4x19z5k4q	cmhn3w3tz000wlhg4mwx6yteg	OPHTHALMOLOGIST	5	0	EMERGENCY	COMPLETED	cmhn157vr00037km0gv0ixhzn	1	\N	2025-11-06 07:29:28.7	2025-11-06 09:30:29.914	2025-11-06 09:30:56.723	2025-11-06 10:10:32.793	\N	\N	\N	\N	\N	\N	\N	2025-11-06 07:29:28.702	2025-11-06 10:10:32.796	f	\N	\N	\N
cmhoj8wsk002blhnci5b8yc5j	cmhoj8t9m0025lhncak577md2	cmhoj8wrt0029lhncg0esis8v	OPHTHALMOLOGIST	11	0	LONGWAIT	ON_HOLD	cmhn157vr00037km0gv0ixhzn	2	\N	2025-11-07 07:27:06.499	2025-11-07 10:41:37.893	2025-11-07 10:42:00.049	2025-11-07 08:49:32.833	2025-11-07 10:42:02.408	\N	\N	\N	\N	Brought EMERGENCY patients to top of queue - Position changed from 7 to 7	\N	2025-11-07 07:27:06.5	2025-11-07 10:42:02.408	f	\N	\N	\N
cmhogyvjl000wlhncf764425g	cmhn3uti70007lhg41kdw37g9	cmhogyvj1000ulhncjjoom63h	OPHTHALMOLOGIST	3	0	EMERGENCY	ON_HOLD	cmhn157vr00037km0gv0ixhzn	1	\N	2025-11-07 06:23:19.088	2025-11-07 10:49:45.348	2025-11-07 10:49:51.661	2025-11-07 07:19:47.822	2025-11-07 10:49:54.644	\N	\N	\N	\N	Brought EMERGENCY patients to top of queue - Position changed from 4 to 4	\N	2025-11-07 06:23:19.089	2025-11-07 10:49:54.644	f	\N	\N	\N
cmhogy2ny000klhncke8dj0vq	cmhn3vn2v000llhg4wt32wiph	cmhogy2mv000ilhnc5w7jlbit	OPHTHALMOLOGIST	1	0	ROUTINE	WAITING	cmhn157vr00037km0gv0ixhzn	5	\N	2025-11-07 06:22:41.661	\N	\N	2025-11-07 07:19:14.078	\N	\N	\N	\N	\N	Time-sensitive pre-operative evaluation needed - Position changed from 1 to 2	\N	2025-11-07 06:22:41.662	2025-11-07 11:26:07.497	f	\N	\N	\N
cmhoj7pvq001jlhncc12k31si	cmhoj7m27001dlhnc6h8c6pms	cmhoj7puq001hlhncouhrcgix	OPHTHALMOLOGIST	6	0	EMERGENCY	WAITING	cmhn157vr00037km0gv0ixhzn	6	\N	2025-11-07 07:26:10.885	\N	\N	2025-11-07 08:48:53.602	\N	\N	\N	\N	\N	Time-sensitive pre-operative evaluation needed - Position changed from 1 to 3	\N	2025-11-07 07:26:10.887	2025-11-07 11:26:07.497	f	\N	\N	\N
cmhoj8axv001xlhnc58yl658t	cmhoj87ks001rlhncy6e55y9c	cmhoj8axe001vlhnc4by7zg3l	OPHTHALMOLOGIST	5	0	EMERGENCY	WAITING	cmhn157vr00037km0gv0ixhzn	7	\N	2025-11-07 07:26:38.179	\N	\N	2025-11-07 08:48:44.124	\N	\N	\N	\N	\N	Time-sensitive pre-operative evaluation needed - Position changed from 3 to 2	\N	2025-11-07 07:26:38.18	2025-11-07 11:26:07.497	f	\N	\N	\N
cmhoj9l1b002plhncqstemgqp	cmhoj9hee002jlhnctpqu28b8	cmhoj9l0g002nlhncrw1bolsl	OPHTHALMOLOGIST	8	0	EMERGENCY	WAITING	cmhn157vr00037km0gv0ixhzn	8	\N	2025-11-07 07:27:37.918	\N	\N	2025-11-07 08:49:08.474	\N	\N	\N	\N	\N	Brought EMERGENCY patients to top of queue - Position changed from 6 to 5	\N	2025-11-07 07:27:37.92	2025-11-07 11:26:07.497	f	\N	\N	\N
cmhoj801y001qlhncurxs9f2u	cmhoj7wd8001klhncdum47ljx	cmhoj800z001olhncqkn65u25	OPHTHALMOLOGIST	4	0	CHILDREN	WAITING	cmhnbyntr00017kiwewbkfuzh	\N	\N	2025-11-07 07:26:24.069	\N	\N	2025-11-07 07:45:01.913	\N	\N	\N	\N	\N	Time-sensitive pre-operative evaluation needed - Position changed from 2 to 1	\N	2025-11-07 07:26:24.07	2025-11-07 11:26:07.497	f	\N	\N	\N
cmhoj98ni002ilhnceguznj6x	cmhoj956h002clhnc46hfcd0a	cmhoj98n0002glhncp3xrjd9e	OPHTHALMOLOGIST	7	0	EMERGENCY	CALLED	cmhn157vr00037km0gv0ixhzn	4	\N	2025-11-07 07:27:21.869	2025-11-07 11:26:11.214	\N	2025-11-07 08:49:02.939	\N	\N	\N	\N	\N	Brought EMERGENCY patients to top of queue - Position changed from 4 to 4	\N	2025-11-07 07:27:21.871	2025-11-07 11:26:11.215	f	\N	\N	\N
cmhogz8hf0012lhnck17k4fls	cmhn3qqve0000lhg4w8a6xd3y	cmhogz8gv0010lhncbs159v14	OPHTHALMOLOGIST	3	0	ROUTINE	IN_PROGRESS	cmhn157vr00037km0gv0ixhzn	2	\N	2025-11-07 06:23:35.858	2025-11-07 11:24:13.532	2025-11-07 12:40:00.11	2025-11-07 07:19:58.903	\N	\N	\N	\N	\N	Brought EMERGENCY patients to top of queue - Position changed from 5 to 5	\N	2025-11-07 06:23:35.859	2025-11-07 12:40:00.112	f	\N	\N	\N
cmhoy96570005tzqkpxt8l2xa	cmhoj9hee002jlhnctpqu28b8	cmhoy964y0003tzqkhibqcrdo	OPTOMETRIST	1	0	ROUTINE	IN_PROGRESS	cmhn157ow00007km0qay4vn71	\N	\N	2025-11-07 14:27:12.858	2025-11-07 14:27:20.36	2025-11-07 14:27:20.987	\N	\N	\N	\N	\N	\N	\N	\N	2025-11-07 14:27:12.86	2025-11-07 14:27:20.987	f	\N	\N	\N
cmhoj8ljz0024lhnc86wt205q	cmhoj8iat001ylhncvpojt5zs	cmhoj8ljg0022lhnc92z9yq75	OPHTHALMOLOGIST	10	0	LONGWAIT	ON_HOLD	cmhn157vr00037km0gv0ixhzn	1	30	2025-11-07 07:26:51.934	2025-11-07 09:51:37.405	2025-11-07 10:36:46.939	2025-11-07 08:49:25.803	2025-11-07 10:36:49.583	\N	Eye drops applied by cmhn4ec1k0019lhg4ijozo1sr at 8:18:33 pm	2025-11-07 15:18:33.972	\N	Brought EMERGENCY patients to top of queue - Position changed from 5 to 6	\N	2025-11-07 07:26:51.935	2025-11-07 14:48:33.973	f	\N	\N	\N
cmhogxq2l000elhncu2uyg509	cmhn3w00f000slhg4x19z5k4q	cmhogxq1i000clhncogssvcj9	OPHTHALMOLOGIST	3	0	ROUTINE	COMPLETED	cmhn157vr00037km0gv0ixhzn	\N	\N	2025-11-07 06:22:25.339	2025-11-07 07:47:53.719	2025-11-07 07:47:56.297	2025-11-07 08:12:05.609	\N	\N	\N	\N	\N	Time-sensitive pre-operative evaluation needed - Position changed from 2 to 3	\N	2025-11-07 06:22:25.341	2025-11-07 08:12:05.611	f	\N	\N	\N
cmhojug9400067kmckvixvrm9	cmhoj9hee002jlhnctpqu28b8	cmhojug7x00047kmcskgh0dzh	OPHTHALMOLOGIST	11	0	ROUTINE	CALLED	cmhn157vr00037km0gv0ixhzn	3	\N	2025-11-07 07:43:51.494	2025-11-07 11:25:39.61	\N	2025-11-07 08:49:39.515	\N	\N	\N	\N	\N	\N	\N	2025-11-07 07:43:51.496	2025-11-07 11:26:07.497	f	\N	\N	\N
\.


--
-- Data for Name: payments; Type: TABLE DATA; Schema: public; Owner: -
--

COPY public.payments (id, "billId", "patientId", "paymentDate", "paymentMethod", amount, "transactionId", "referenceNumber", "bankName", "cardLast4", status, notes, "processedBy", "createdAt", "updatedAt") FROM stdin;
\.


--
-- Data for Name: prescriptions; Type: TABLE DATA; Schema: public; Owner: -
--

COPY public.prescriptions (id, "prescriptionNumber", "patientVisitId", "examinationId", "doctorId", "prescriptionDate", "validTill", "generalInstructions", "followUpInstructions", status, "createdAt", "updatedAt") FROM stdin;
cmhn9ggtf001blhg4refz0gkf	RX-20251106-0001	cmhn3w3tz000wlhg4mwx6yteg	\N	cmhn157vr00037km0gv0ixhzn	2025-11-06 10:05:16.707	\N	amicitia vomica acer	arbustum sol deleniti	active	2025-11-06 10:05:16.707	2025-11-06 10:05:16.707
cmhof05990001lhnc63ckcdiq	RX-20251107-0001	cmhn3vquf000plhg4vabz6hb7	\N	cmhn157vr00037km0gv0ixhzn	2025-11-07 05:28:19.1	\N	ter delego explicabo	cotidie curia supra	active	2025-11-07 05:28:19.1	2025-11-07 05:28:19.1
cmhokunnd002tlhnch7gjyhle	RX-20251107-0002	cmhogxq1i000clhncogssvcj9	\N	cmhn157vr00037km0gv0ixhzn	2025-11-07 08:12:00.697	\N	sadfsafd	sdfasdfsdf	active	2025-11-07 08:12:00.697	2025-11-07 08:12:00.697
\.


--
-- Data for Name: prescription_items; Type: TABLE DATA; Schema: public; Owner: -
--

COPY public.prescription_items (id, "prescriptionId", "medicineId", "medicineName", dosage, frequency, duration, instructions, quantity, "createdAt", "updatedAt") FROM stdin;
cmhn9ggtg001dlhg4jxjh1fvy	cmhn9ggtf001blhg4refz0gkf	cmhn9dv95002vlhcwrnapx619	Atropine 1% Eye Drops	3	At Bedtime (HS)	6	45	123	2025-11-06 10:05:16.707	2025-11-06 10:05:16.707
cmhn9ggtg001elhg4dzxudd7g	cmhn9ggtf001blhg4refz0gkf	cmhn9duko002rlhcwsd1k8v9f	Carboxymethylcellulose 0.5% Eye Drops	6	Once Daily (OD)	6	after dinner	5	2025-11-06 10:05:16.707	2025-11-06 10:05:16.707
cmhof059a0003lhncnhsqk7ce	cmhof05990001lhnc63ckcdiq	cmhn9dlid0021lhcw5i2tab2v	Brimonidine 0.2% Eye Drops	aliquid vorago utique	Twice Daily (BD)	copia peior debeo	absens censura valetudo	19	2025-11-07 05:28:19.1	2025-11-07 05:28:19.1
cmhof059a0004lhncte0iyqb6	cmhof05990001lhnc63ckcdiq	cmhn9dv95002vlhcwrnapx619	Atropine 1% Eye Drops	aduro corrumpo qui	Once Daily (OD)	urbanus aufero addo	ter delego explicabo	45	2025-11-07 05:28:19.1	2025-11-07 05:28:19.1
cmhokunnd002vlhncy3q0juev	cmhokunnd002tlhnch7gjyhle	cmhn9dtdz002dlhcwjzjh5tp6	Dexamethasone 0.1% Eye Drops	sde	Every 6 Hours	2	2	1	2025-11-07 08:12:00.697	2025-11-07 08:12:00.697
\.


--
-- Data for Name: refrigerator_temperature_register; Type: TABLE DATA; Schema: public; Owner: -
--

COPY public.refrigerator_temperature_register (id, date, "temperature12Pm", "temperature3Pm", "temperature6Pm", sign, "createdAt", "updatedAt", "createdBy") FROM stdin;
cmhm5iu4r00057kro5znfv3bc	2025-11-05 00:00:00	0.1	0.1	0.1	ms	2025-11-05 15:27:22.628	2025-11-05 15:27:22.628	cmhm2mphl00007kioks3r4zvn
\.


--
-- Data for Name: super_admins; Type: TABLE DATA; Schema: public; Owner: -
--

COPY public.super_admins (id, "firstName", "lastName", email, "passwordHash", phone, "isActive", "createdAt", "updatedAt") FROM stdin;
cmhn15o0r00007k7kgadfpwk5	Super	Admin	admin@yogineerstech.in	$2b$10$OwxRduoUpPxwKmakN4ceQuAr.etpubME/zrezpufrxoz2lQZS50c6	+91-9876543210	t	2025-11-06 06:12:55.9	2025-11-10 05:18:51.467
\.


--
-- PostgreSQL database dump complete
--

